"Date","Price","Open","High","Low","Vol.","Change %"
"Apr 20, 2019","172.99","172.64","176.62","171.95","608.73K","0.21%"
"Apr 19, 2019","172.62","173.30","173.43","168.77","552.11K","-0.37%"
"Apr 18, 2019","173.26","165.76","175.04","165.15","600.34K","4.52%"
"Apr 17, 2019","165.76","165.45","167.07","163.16","385.64K","0.19%"
"Apr 16, 2019","165.45","159.95","166.57","159.45","795.94K","3.40%"
"Apr 15, 2019","160.01","167.05","168.42","155.86","935.05K","-4.21%"
"Apr 14, 2019","167.04","162.99","167.99","161.23","440.70K","2.45%"
"Apr 13, 2019","163.05","163.10","165.10","160.00","487.11K","-0.06%"
"Apr 12, 2019","163.15","164.00","166.23","158.31","534.09K","-0.52%"
"Apr 11, 2019","164.00","177.10","177.35","158.70","949.31K","-7.32%"
"Apr 10, 2019","176.95","174.54","183.10","170.43","485.63K","1.35%"
"Apr 09, 2019","174.59","178.71","178.87","172.01","565.42K","-2.33%"
"Apr 08, 2019","178.75","174.16","185.53","171.16","756.53K","2.64%"
"Apr 07, 2019","174.15","165.48","175.37","164.08","1.00M","5.24%"
"Apr 06, 2019","165.48","164.83","172.60","159.85","765.53K","0.38%"
"Apr 05, 2019","164.85","157.35","167.48","156.21","932.78K","4.79%"
"Apr 04, 2019","157.32","159.87","163.81","152.81","1.34M","-1.60%"
"Apr 03, 2019","159.88","163.24","177.48","150.40","813.19K","-2.17%"
"Apr 02, 2019","163.42","141.24","163.84","141.02","833.97K","15.69%"
"Apr 01, 2019","141.26","141.40","143.02","139.80","1.05M","-0.10%"
"Mar 31, 2019","141.40","141.72","142.34","139.07","849.62K","-0.21%"
"Mar 30, 2019","141.69","142.51","145.63","138.74","861.28K","-1.00%"
"Mar 29, 2019","143.13","137.82","143.34","137.34","761.94K","3.82%"
"Mar 28, 2019","137.86","139.19","139.32","137.30","730.16K","-1.12%"
"Mar 27, 2019","139.42","134.16","139.50","133.83","802.07K","3.95%"
"Mar 26, 2019","134.12","133.95","134.71","132.32","799.43K","0.14%"
"Mar 25, 2019","133.93","136.14","136.83","131.74","862.35K","-1.62%"
"Mar 24, 2019","136.14","137.27","137.27","135.13","920.36K","-0.83%"
"Mar 23, 2019","137.28","136.01","138.20","135.62","778.35K","0.91%"
"Mar 22, 2019","136.04","134.88","137.20","134.30","881.18K","0.90%"
"Mar 21, 2019","134.84","139.04","139.52","132.44","936.99K","-3.01%"
"Mar 20, 2019","139.02","138.56","139.57","136.25","1.01M","0.30%"
"Mar 19, 2019","138.60","137.60","139.33","137.01","1.28M","0.71%"
"Mar 18, 2019","137.63","138.70","141.91","136.65","794.48K","-0.78%"
"Mar 17, 2019","138.71","140.94","140.96","137.38","761.99K","-1.58%"
"Mar 16, 2019","140.94","136.61","144.06","136.61","921.38K","3.18%"
"Mar 15, 2019","136.60","132.19","137.56","132.19","709.70K","3.36%"
"Mar 14, 2019","132.16","131.70","134.94","129.98","777.86K","0.33%"
"Mar 13, 2019","131.72","133.53","133.57","130.81","896.26K","-1.34%"
"Mar 12, 2019","133.52","132.62","134.94","128.66","685.12K","0.69%"
"Mar 11, 2019","132.61","135.36","136.12","131.19","804.77K","-2.03%"
"Mar 10, 2019","135.36","137.17","137.43","134.11","732.66K","-1.32%"
"Mar 09, 2019","137.17","133.61","138.47","132.84","877.80K","2.69%"
"Mar 08, 2019","133.57","136.62","139.17","131.04","780.32K","-1.97%"
"Mar 07, 2019","136.26","137.39","139.52","135.29","783.76K","-0.85%"
"Mar 06, 2019","137.42","136.60","140.18","133.65","1.06M","0.61%"
"Mar 05, 2019","136.59","125.75","137.86","125.14","1.04M","8.61%"
"Mar 04, 2019","125.76","130.44","130.95","122.85","943.18K","-3.59%"
"Mar 03, 2019","130.45","132.54","134.58","128.65","786.86K","-1.58%"
"Mar 02, 2019","132.54","135.32","135.98","130.32","869.32K","-2.05%"
"Mar 01, 2019","135.31","135.36","137.88","135.00","803.72K","-0.02%"
"Feb 28, 2019","135.34","135.01","138.05","132.86","649.08K","0.25%"
"Feb 27, 2019","135.00","136.43","139.87","127.65","588.13K","-0.98%"
"Feb 26, 2019","136.33","137.81","138.41","134.09","447.58K","-1.04%"
"Feb 25, 2019","137.77","132.31","141.35","132.14","663.90K","4.18%"
"Feb 24, 2019","132.24","157.79","165.64","132.03","733.18K","-16.04%"
"Feb 23, 2019","157.51","147.52","159.39","145.87","375.62K","6.75%"
"Feb 22, 2019","147.54","145.68","148.34","143.91","346.73K","1.43%"
"Feb 21, 2019","145.47","148.47","149.27","143.00","454.87K","-2.32%"
"Feb 20, 2019","148.93","143.29","149.21","140.33","633.17K","3.67%"
"Feb 19, 2019","143.66","144.93","148.13","143.24","726.07K","-0.88%"
"Feb 18, 2019","144.93","133.85","146.00","132.61","357.74K","8.28%"
"Feb 17, 2019","133.85","122.66","135.47","122.61","462.02K","9.13%"
"Feb 16, 2019","122.66","121.65","124.50","121.62","564.11K","0.83%"
"Feb 15, 2019","121.66","120.40","123.90","120.33","632.73K","1.04%"
"Feb 14, 2019","120.40","121.98","124.31","120.34","460.91K","-1.29%"
"Feb 13, 2019","121.98","122.24","126.29","120.81","598.19K","-0.35%"
"Feb 12, 2019","122.41","120.87","123.65","118.62","618.13K","1.28%"
"Feb 11, 2019","120.87","124.99","125.10","119.34","526.97K","-3.30%"
"Feb 10, 2019","124.99","119.15","125.73","115.93","463.14K","4.79%"
"Feb 09, 2019","119.28","119.20","121.02","117.71","499.47K","0.06%"
"Feb 08, 2019","119.20","104.38","122.74","103.63","578.96K","14.16%"
"Feb 07, 2019","104.42","104.57","106.00","104.05","454.76K","-0.18%"
"Feb 06, 2019","104.60","107.19","107.54","101.55","504.35K","-2.42%"
"Feb 05, 2019","107.20","107.73","108.09","106.60","413.72K","-0.50%"
"Feb 04, 2019","107.73","107.43","109.12","106.62","532.20K","0.33%"
"Feb 03, 2019","107.38","110.49","111.08","105.97","425.16K","-2.79%"
"Feb 02, 2019","110.47","106.76","110.95","106.17","387.05K","3.47%"
"Feb 01, 2019","106.76","106.39","108.31","103.88","441.48K","0.43%"
"Jan 31, 2019","106.30","108.35","110.47","105.60","453.65K","-1.89%"
"Jan 30, 2019","108.35","104.55","109.59","103.60","569.87K","3.61%"
"Jan 29, 2019","104.58","105.39","106.45","102.44","475.20K","-0.84%"
"Jan 28, 2019","105.47","112.17","112.82","101.09","644.16K","-5.97%"
"Jan 27, 2019","112.17","115.51","115.80","111.57","536.71K","-2.90%"
"Jan 26, 2019","115.51","115.21","117.44","115.06","375.04K","0.32%"
"Jan 25, 2019","115.14","116.27","117.22","114.69","430.99K","-0.95%"
"Jan 24, 2019","116.24","116.33","116.96","114.13","474.27K","-0.08%"
"Jan 23, 2019","116.33","117.90","118.57","115.00","413.81K","-1.31%"
"Jan 22, 2019","117.87","115.75","119.27","111.49","392.17K","1.85%"
"Jan 21, 2019","115.73","117.37","117.93","113.88","431.30K","-1.38%"
"Jan 20, 2019","117.34","122.61","123.23","115.99","492.57K","-4.29%"
"Jan 19, 2019","122.61","119.01","125.00","119.01","456.86K","3.02%"
"Jan 18, 2019","119.01","121.60","121.82","117.64","443.17K","-2.13%"
"Jan 17, 2019","121.60","121.63","122.78","117.33","452.69K","0.14%"
"Jan 16, 2019","121.43","119.11","126.41","118.58","438.02K","1.87%"
"Jan 15, 2019","119.19","127.03","129.02","116.17","501.18K","-6.18%"
"Jan 14, 2019","127.05","114.11","129.30","114.08","435.34K","11.32%"
"Jan 13, 2019","114.13","123.37","123.63","112.13","361.83K","-7.50%"
"Jan 12, 2019","123.39","124.61","125.72","122.15","328.97K","-0.99%"
"Jan 11, 2019","124.63","124.92","127.26","120.50","388.90K","-0.28%"
"Jan 10, 2019","124.97","148.11","149.18","121.16","430.25K","-15.62%"
"Jan 09, 2019","148.11","147.46","151.43","146.92","287.63K","0.48%"
"Jan 08, 2019","147.40","149.43","151.41","145.68","309.20K","-1.33%"
"Jan 07, 2019","149.38","153.98","155.24","148.01","325.88K","-2.99%"
"Jan 06, 2019","153.98","152.86","157.37","147.97","395.98K","0.74%"
"Jan 05, 2019","152.85","152.05","159.00","151.98","274.10K","0.50%"
"Jan 04, 2019","152.10","146.17","154.57","144.31","249.08K","4.15%"
"Jan 03, 2019","146.04","152.05","153.49","143.48","226.68K","-3.96%"
"Jan 02, 2019","152.05","139.11","155.06","137.94","302.33K","9.28%"
"Jan 01, 2019","139.15","131.29","139.78","130.06","245.68K","5.98%"
"Dec 31, 2018","131.29","137.61","137.93","129.00","250.55K","-4.52%"
"Dec 30, 2018","137.51","132.88","139.35","128.71","332.48K","3.76%"
"Dec 29, 2018","132.52","135.55","144.78","129.64","243.13K","-2.23%"
"Dec 28, 2018","135.55","113.61","136.20","112.16","368.99K","19.44%"
"Dec 27, 2018","113.49","129.24","130.95","110.90","203.47K","-12.20%"
"Dec 26, 2018","129.26","127.25","135.33","122.63","286.31K","1.51%"
"Dec 25, 2018","127.34","138.17","138.78","120.95","397.58K","-7.97%"
"Dec 24, 2018","138.36","128.95","157.21","128.79","289.42K","7.32%"
"Dec 23, 2018","128.93","115.20","131.90","114.93","371.28K","11.89%"
"Dec 22, 2018","115.23","107.65","115.23","105.41","232.19K","7.03%"
"Dec 21, 2018","107.67","113.85","118.10","105.01","378.70K","-5.47%"
"Dec 20, 2018","113.89","99.11","115.59","98.13","446.50K","14.91%"
"Dec 19, 2018","99.11","100.36","107.53","98.00","268.52K","-1.19%"
"Dec 18, 2018","100.31","94.04","100.97","91.58","453.23K","6.58%"
"Dec 17, 2018","94.11","84.49","96.11","84.36","468.95K","11.24%"
"Dec 16, 2018","84.60","83.85","87.54","83.75","437.98K","0.90%"
"Dec 15, 2018","83.85","83.70","85.00","81.63","542.78K","0.12%"
"Dec 14, 2018","83.75","86.42","87.28","82.31","480.33K","-2.93%"
"Dec 13, 2018","86.28","89.42","90.76","84.52","310.80K","-3.43%"
"Dec 12, 2018","89.34","87.72","91.34","86.79","299.32K","1.48%"
"Dec 11, 2018","88.04","89.85","92.03","86.04","293.90K","-2.09%"
"Dec 10, 2018","89.92","93.42","95.45","88.00","360.04K","-3.75%"
"Dec 09, 2018","93.42","90.26","98.68","88.64","265.24K","3.47%"
"Dec 08, 2018","90.29","93.12","97.72","84.42","124.45K","-3.05%"
"Dec 07, 2018","93.12","91.12","96.56","81.20","2.21K","2.02%"
"Dec 06, 2018","91.28","102.54","104.38","90.28","2.92K","-10.98%"
"Dec 05, 2018","102.54","110.00","110.39","102.03","1.84K","-6.78%"
"Dec 04, 2018","110.00","108.86","113.00","105.85","1.15K","1.01%"
"Dec 03, 2018","108.90","116.46","116.79","106.90","1.93K","-6.48%"
"Dec 02, 2018","116.44","118.07","120.45","116.12","1.29K","-1.38%"
"Dec 01, 2018","118.07","113.89","120.31","111.43","87.49K","4.27%"
"Nov 30, 2018","113.24","117.98","119.96","111.60","184.21K","-3.97%"
"Nov 29, 2018","117.92","122.77","123.96","114.86","210.91K","-3.86%"
"Nov 28, 2018","122.66","111.35","127.13","111.31","305.21K","10.10%"
"Nov 27, 2018","111.41","110.21","114.00","102.87","366.50K","1.09%"
"Nov 26, 2018","110.21","118.73","121.51","106.34","232.78K","-7.30%"
"Nov 25, 2018","118.88","114.87","121.99","102.61","264.92K","3.35%"
"Nov 24, 2018","115.02","125.21","130.17","111.77","54.40K","-8.15%"
"Nov 23, 2018","125.23","126.33","128.62","119.89","112.37K","-0.88%"
"Nov 22, 2018","126.34","138.61","140.16","125.97","57.95K","-8.85%"
"Nov 21, 2018","138.61","134.03","142.02","127.38","161.00K","3.41%"
"Nov 20, 2018","134.05","150.79","154.41","127.52","113.24K","-11.13%"
"Nov 19, 2018","150.83","178.54","178.68","147.52","89.16K","-15.52%"
"Nov 18, 2018","178.54","176.37","182.38","176.04","43.41K","1.23%"
"Nov 17, 2018","176.37","176.98","178.26","173.71","146.72K","-0.34%"
"Nov 16, 2018","176.98","184.09","184.69","173.47","156.53K","-3.86%"
"Nov 15, 2018","184.09","187.40","190.34","171.46","168.15K","-1.77%"
"Nov 14, 2018","187.40","209.74","211.52","176.70","106.53K","-10.76%"
"Nov 13, 2018","210.01","212.78","213.55","209.24","32.35K","-1.31%"
"Nov 12, 2018","212.78","213.09","214.32","210.83","52.33K","-0.15%"
"Nov 11, 2018","213.09","213.22","214.16","208.00","14.94K","-0.06%"
"Nov 10, 2018","213.22","211.14","215.55","210.54","149.04K","0.99%"
"Nov 09, 2018","211.14","212.76","215.72","208.91","24.30K","-0.83%"
"Nov 08, 2018","212.91","219.52","220.44","212.50","35.41K","-3.02%"
"Nov 07, 2018","219.53","220.76","224.37","216.82","93.25K","-0.56%"
"Nov 06, 2018","220.76","210.38","220.96","209.02","81.71K","4.93%"
"Nov 05, 2018","210.38","212.39","212.95","207.58","34.16K","-0.93%"
"Nov 04, 2018","212.35","200.44","218.69","198.77","29.08K","5.95%"
"Nov 03, 2018","200.44","202.22","202.48","199.10","95.04K","-0.88%"
"Nov 02, 2018","202.22","199.66","203.50","199.07","132.26K","1.28%"
"Nov 01, 2018","199.66","198.62","200.75","197.98","126.41K","0.52%"
"Oct 31, 2018","198.62","197.55","200.60","193.25","35.80K","0.54%"
"Oct 30, 2018","197.55","196.97","198.36","194.79","15.88K","0.30%"
"Oct 29, 2018","196.97","204.85","205.41","194.79","13.42K","-3.87%"
"Oct 28, 2018","204.90","204.23","205.56","202.92","6.09K","0.33%"
"Oct 27, 2018","204.23","204.71","205.77","202.92","6.95K","-0.31%"
"Oct 26, 2018","204.86","204.08","209.09","202.38","2.26K","0.38%"
"Oct 25, 2018","204.08","205.18","206.09","203.00","6.47K","-0.53%"
"Oct 24, 2018","205.18","205.77","208.00","205.06","43.91K","-0.29%"
"Oct 23, 2018","205.77","207.12","207.63","202.75","29.98K","-0.64%"
"Oct 22, 2018","207.11","208.29","209.22","205.28","4.60K","-0.41%"
"Oct 21, 2018","207.96","208.08","211.85","207.25","20.65K","-0.06%"
"Oct 20, 2018","208.08","205.21","209.46","203.94","27.93K","1.41%"
"Oct 19, 2018","205.17","206.18","209.00","204.15","7.49K","-0.29%"
"Oct 18, 2018","205.76","213.32","215.08","204.48","62.00K","-3.54%"
"Oct 17, 2018","213.32","215.29","216.68","211.01","0.89K","-0.92%"
"Oct 16, 2018","215.29","214.69","219.32","211.90","0.73K","0.28%"
"Oct 15, 2018","214.69","196.72","237.83","194.68","9.31K","9.04%"
"Oct 14, 2018","196.89","201.25","204.28","195.18","14.68K","-2.31%"
"Oct 13, 2018","201.55","196.71","203.48","196.15","18.63K","2.46%"
"Oct 12, 2018","196.71","191.73","201.14","190.75","31.91K","2.59%"
"Oct 11, 2018","191.73","226.49","227.02","189.30","16.63K","-15.35%"
"Oct 10, 2018","226.49","228.18","228.63","224.41","53.92K","-0.74%"
"Oct 09, 2018","228.18","229.62","230.80","227.07","9.07K","-0.63%"
"Oct 08, 2018","229.62","226.04","232.00","224.13","12.46K","1.59%"
"Oct 07, 2018","226.04","224.38","227.52","221.83","6.35K","0.74%"
"Oct 06, 2018","224.38","228.07","228.87","223.19","17.51K","-1.65%"
"Oct 05, 2018","228.15","222.86","232.00","220.48","25.34K","2.37%"
"Oct 04, 2018","222.86","220.31","226.62","220.00","12.43K","1.16%"
"Oct 03, 2018","220.31","225.93","226.67","216.20","80.30K","-2.66%"
"Oct 02, 2018","226.32","231.26","232.23","224.11","176.61K","-2.19%"
"Oct 01, 2018","231.38","232.42","235.30","224.80","72.40K","-0.45%"
"Sep 30, 2018","232.43","231.31","238.06","226.57","93.47K","0.57%"
"Sep 29, 2018","231.11","221.56","236.73","214.42","98.70K","4.40%"
"Sep 28, 2018","221.36","229.40","233.47","215.00","29.16K","-3.21%"
"Sep 27, 2018","228.70","214.24","232.33","210.51","95.54K","6.75%"
"Sep 26, 2018","214.24","219.14","222.59","206.75","58.34K","-2.05%"
"Sep 25, 2018","218.72","228.10","228.18","203.75","63.90K","-4.16%"
"Sep 24, 2018","228.21","245.09","246.30","225.53","66.57K","-6.82%"
"Sep 23, 2018","244.90","241.47","249.39","237.03","122.27K","1.44%"
"Sep 22, 2018","241.43","248.11","254.77","233.02","152.93K","-2.65%"
"Sep 21, 2018","248.01","224.83","251.82","220.56","184.38K","9.72%"
"Sep 20, 2018","226.04","210.31","227.09","206.46","78.02K","7.48%"
"Sep 19, 2018","210.31","208.30","214.61","198.25","149.59K","0.45%"
"Sep 18, 2018","209.37","196.71","214.27","194.46","165.99K","6.43%"
"Sep 17, 2018","196.71","219.78","224.33","192.65","103.99K","-10.65%"
"Sep 16, 2018","220.16","222.10","224.31","207.24","77.90K","-0.96%"
"Sep 15, 2018","222.28","208.62","226.86","208.02","86.57K","6.79%"
"Sep 14, 2018","208.14","211.18","223.97","203.09","92.83K","-1.34%"
"Sep 13, 2018","210.97","182.99","214.79","182.99","112.29K","15.29%"
"Sep 12, 2018","182.99","185.14","185.14","167.78","128.83K","-1.22%"
"Sep 11, 2018","185.25","196.65","198.88","176.65","126.21K","-6.04%"
"Sep 10, 2018","197.16","195.45","202.50","187.23","128.76K","0.88%"
"Sep 09, 2018","195.45","196.61","208.53","186.60","103.18K","-0.51%"
"Sep 08, 2018","196.45","215.25","220.59","190.63","81.83K","-8.74%"
"Sep 07, 2018","215.25","229.59","234.15","214.40","108.67K","-6.33%"
"Sep 06, 2018","229.81","228.15","232.93","212.26","122.38K","0.41%"
"Sep 05, 2018","228.86","285.41","287.66","227.36","113.65K","-19.79%"
"Sep 04, 2018","285.31","289.30","292.80","283.30","100.66K","-1.38%"
"Sep 03, 2018","289.30","295.18","296.39","286.51","62.48K","-2.09%"
"Sep 02, 2018","295.46","295.31","299.38","289.50","64.58K","-0.14%"
"Sep 01, 2018","295.87","281.79","302.45","281.79","67.96K","4.99%"
"Aug 31, 2018","281.80","283.92","284.97","275.00","83.93K","-0.82%"
"Aug 30, 2018","284.12","288.82","291.35","272.33","94.20K","-1.50%"
"Aug 29, 2018","288.45","295.71","296.91","285.00","87.15K","-2.45%"
"Aug 28, 2018","295.71","287.19","298.17","282.20","97.96K","2.81%"
"Aug 27, 2018","287.63","273.90","287.63","271.64","97.41K","4.89%"
"Aug 26, 2018","274.23","277.70","277.70","269.67","88.87K","-1.25%"
"Aug 25, 2018","277.70","281.00","282.44","274.06","66.15K","-1.17%"
"Aug 24, 2018","281.00","275.39","282.77","270.81","97.41K","2.00%"
"Aug 23, 2018","275.50","270.48","279.83","268.47","36.42K","1.86%"
"Aug 22, 2018","270.48","280.00","298.05","259.91","74.42K","-3.40%"
"Aug 21, 2018","280.00","269.84","285.24","269.77","43.48K","3.45%"
"Aug 20, 2018","270.67","298.86","303.31","269.48","57.77K","-9.43%"
"Aug 19, 2018","298.86","293.97","306.65","288.62","77.60K","1.65%"
"Aug 18, 2018","294.01","317.14","320.22","282.65","98.03K","-7.13%"
"Aug 17, 2018","316.59","286.92","318.00","284.91","100.39K","10.30%"
"Aug 16, 2018","287.02","281.44","298.26","278.13","70.23K","1.98%"
"Aug 15, 2018","281.44","278.06","304.00","277.68","117.95K","1.22%"
"Aug 14, 2018","278.06","283.72","284.01","250.36","111.43K","-2.08%"
"Aug 13, 2018","283.97","318.16","321.76","280.78","67.25K","-10.75%"
"Aug 12, 2018","318.16","318.12","326.88","313.67","110.12K","0.01%"
"Aug 11, 2018","318.12","331.50","332.07","305.00","78.87K","-4.04%"
"Aug 10, 2018","331.50","362.57","365.45","326.78","55.85K","-8.55%"
"Aug 09, 2018","362.49","355.35","370.21","350.86","60.22K","2.01%"
"Aug 08, 2018","355.35","378.46","380.23","347.77","86.98K","-6.11%"
"Aug 07, 2018","378.46","405.67","411.16","370.72","57.87K","-6.71%"
"Aug 06, 2018","405.67","408.41","413.17","400.97","45.04K","-0.92%"
"Aug 05, 2018","409.42","407.29","413.33","400.52","43.55K","0.52%"
"Aug 04, 2018","407.29","416.90","419.53","401.86","39.00K","-2.31%"
"Aug 03, 2018","416.90","408.62","419.71","397.26","59.82K","1.32%"
"Aug 02, 2018","411.49","419.26","424.95","407.08","21.69K","-1.85%"
"Aug 01, 2018","419.26","431.73","434.72","407.19","56.28K","-2.98%"
"Jul 31, 2018","432.13","456.99","457.39","427.35","37.42K","-5.44%"
"Jul 30, 2018","456.99","466.30","469.00","445.00","44.40K","-2.00%"
"Jul 29, 2018","466.30","468.39","472.24","461.16","40.65K","-0.45%"
"Jul 28, 2018","468.39","470.27","471.83","461.68","47.72K","-0.40%"
"Jul 27, 2018","470.27","463.06","474.19","456.80","47.59K","1.56%"
"Jul 26, 2018","463.06","472.17","484.86","460.20","29.75K","-1.93%"
"Jul 25, 2018","472.17","479.92","484.96","464.28","48.23K","-1.61%"
"Jul 24, 2018","479.92","450.18","484.12","442.09","66.94K","6.61%"
"Jul 23, 2018","450.18","458.13","470.00","447.68","26.17K","-1.73%"
"Jul 22, 2018","458.13","460.25","472.40","454.41","23.38K","-0.66%"
"Jul 21, 2018","461.19","448.44","468.60","442.14","18.69K","2.84%"
"Jul 20, 2018","448.44","469.17","469.17","441.04","44.49K","-4.55%"
"Jul 19, 2018","469.80","478.80","483.84","463.17","46.80K","-1.88%"
"Jul 18, 2018","478.80","498.87","515.00","470.22","35.14K","-4.02%"
"Jul 17, 2018","498.87","479.50","510.38","466.02","37.95K","3.85%"
"Jul 16, 2018","480.38","448.79","480.81","444.69","33.58K","7.04%"
"Jul 15, 2018","448.79","433.19","455.27","431.16","17.25K","3.60%"
"Jul 14, 2018","433.19","432.89","439.41","428.51","21.53K","0.07%"
"Jul 13, 2018","432.89","427.97","442.15","424.27","15.38K","1.15%"
"Jul 12, 2018","427.97","444.00","444.89","418.46","24.17K","-3.61%"
"Jul 11, 2018","444.00","432.15","446.16","424.87","18.46K","2.74%"
"Jul 10, 2018","432.15","470.28","472.73","428.00","25.65K","-8.21%"
"Jul 09, 2018","470.82","486.53","488.94","469.36","26.58K","-3.23%"
"Jul 08, 2018","486.53","486.58","493.87","481.95","25.37K","0.14%"
"Jul 07, 2018","485.84","470.19","486.32","461.88","31.88K","3.33%"
"Jul 06, 2018","470.19","468.06","473.96","450.58","65.73K","0.46%"
"Jul 05, 2018","468.06","467.04","478.52","459.01","62.64K","0.22%"
"Jul 04, 2018","467.04","461.50","484.66","452.20","55.89K","1.20%"
"Jul 03, 2018","461.50","476.05","486.75","460.35","38.40K","-3.06%"
"Jul 02, 2018","476.05","452.57","482.48","445.63","57.16K","5.19%"
"Jul 01, 2018","452.57","455.63","458.11","444.00","57.42K","-0.45%"
"Jun 30, 2018","454.62","435.16","461.21","434.68","85.32K","4.47%"
"Jun 29, 2018","435.16","420.14","443.52","403.43","73.69K","3.37%"
"Jun 28, 2018","420.98","441.46","443.86","417.38","43.95K","-4.64%"
"Jun 27, 2018","441.46","430.43","446.50","420.51","40.09K","2.56%"
"Jun 26, 2018","430.43","458.72","461.53","430.00","65.26K","-6.36%"
"Jun 25, 2018","459.68","454.90","474.72","443.76","82.92K","1.05%"
"Jun 24, 2018","454.90","474.11","474.99","420.00","55.45K","-4.05%"
"Jun 23, 2018","474.11","461.19","479.94","455.32","41.96K","2.80%"
"Jun 22, 2018","461.19","525.36","527.63","448.66","35.93K","-12.21%"
"Jun 21, 2018","525.36","537.14","543.99","522.00","49.06K","-2.07%"
"Jun 20, 2018","536.48","537.81","541.63","513.88","48.03K","-0.25%"
"Jun 19, 2018","537.81","516.46","546.75","513.82","45.60K","4.13%"
"Jun 18, 2018","516.46","496.25","525.79","487.91","42.45K","4.05%"
"Jun 17, 2018","496.33","496.13","507.67","494.81","49.09K","0.04%"
"Jun 16, 2018","496.13","486.95","503.14","482.00","36.72K","1.89%"
"Jun 15, 2018","486.95","518.78","520.01","482.88","79.86K","-5.93%"
"Jun 14, 2018","517.61","475.29","529.29","461.50","95.37K","8.90%"
"Jun 13, 2018","475.29","494.83","501.69","450.28","25.47K","-3.81%"
"Jun 12, 2018","494.10","530.77","538.00","480.11","31.53K","-6.91%"
"Jun 11, 2018","530.77","531.44","540.74","510.37","55.38K","-0.13%"
"Jun 10, 2018","531.44","592.76","592.90","503.00","33.46K","-10.35%"
"Jun 09, 2018","592.76","599.70","613.83","583.56","48.82K","-0.71%"
"Jun 08, 2018","597.00","603.23","609.32","580.03","44.02K","-1.03%"
"Jun 07, 2018","603.23","606.34","618.00","598.67","104.19K","-0.51%"
"Jun 06, 2018","606.34","608.74","612.82","591.00","32.34K","-0.39%"
"Jun 05, 2018","608.74","594.26","615.52","576.00","33.75K","2.44%"
"Jun 04, 2018","594.26","615.54","625.69","580.05","31.92K","-3.46%"
"Jun 03, 2018","615.54","594.45","629.06","590.01","81.41K","3.78%"
"Jun 02, 2018","593.10","579.05","601.24","573.54","100.02K","2.43%"
"Jun 01, 2018","579.05","579.74","593.00","562.10","47.08K","0.41%"
"May 31, 2018","576.66","559.78","598.24","555.30","27.45K","3.02%"
"May 30, 2018","559.78","565.80","585.41","542.89","33.75K","-0.63%"
"May 29, 2018","563.34","513.10","577.00","507.78","28.89K","9.79%"
"May 28, 2018","513.10","572.45","577.60","508.98","43.77K","-10.37%"
"May 27, 2018","572.45","587.77","592.83","560.00","51.44K","-2.91%"
"May 26, 2018","589.62","584.38","615.00","576.58","32.32K","0.90%"
"May 25, 2018","584.38","601.68","615.00","570.00","42.32K","-2.88%"
"May 24, 2018","601.68","586.50","616.00","550.49","33.56K","2.59%"
"May 23, 2018","586.50","644.35","649.87","563.43","51.23K","-8.98%"
"May 22, 2018","644.35","694.48","700.64","640.00","33.63K","-7.22%"
"May 21, 2018","694.48","715.99","725.80","685.00","16.90K","-3.00%"
"May 20, 2018","715.99","696.25","729.00","681.06","81.41K","2.83%"
"May 19, 2018","696.25","696.48","716.46","677.33","29.30K","-0.03%"
"May 18, 2018","696.48","668.90","703.21","650.00","17.63K","4.12%"
"May 17, 2018","668.90","706.80","721.80","665.00","43.22K","-5.36%"
"May 16, 2018","706.80","706.18","714.86","0.00","54.80K","0.09%"
"May 15, 2018","706.18","725.82","760.00","698.80","33.21K","-2.70%"
"May 14, 2018","725.82","725.06","745.40","685.97","23.18K","0.10%"
"May 13, 2018","725.07","681.24","748.00","670.16","5.06K","6.43%"
"May 12, 2018","681.24","674.84","694.33","637.89","61.11K","0.95%"
"May 11, 2018","674.84","727.37","736.24","657.92","21.06K","-7.22%"
"May 10, 2018","727.37","751.51","775.00","726.00","29.79K","-3.21%"
"May 09, 2018","751.51","757.00","770.00","715.95","58.91K","-0.73%"
"May 08, 2018","757.00","755.12","780.00","723.65","5.09K","0.25%"
"May 07, 2018","755.12","793.02","796.21","706.00","107.61K","-4.78%"
"May 06, 2018","793.02","816.38","848.85","757.22","0.68K","-2.86%"
"May 05, 2018","816.38","787.06","840.00","782.00","0.26K","3.72%"
"May 04, 2018","787.06","780.94","816.00","762.83","3.09K","0.78%"
"May 03, 2018","780.94","689.90","787.70","687.32","10.10K","13.20%"
"May 02, 2018","689.90","676.07","700.00","665.62","6.24K","2.05%"
"May 01, 2018","676.07","670.34","702.55","635.45","3.79K","0.85%"
"Apr 30, 2018","670.34","691.60","705.07","670.00","29.92K","-3.24%"
"Apr 29, 2018","692.80","685.05","712.00","669.00","15.79K","1.13%"
"Apr 28, 2018","685.05","647.58","698.05","641.92","15.45K","6.67%"
"Apr 27, 2018","642.22","660.40","692.11","630.02","23.98K","-2.75%"
"Apr 26, 2018","660.40","618.00","665.00","602.02","16.99K","6.91%"
"Apr 25, 2018","617.71","700.00","707.02","595.50","17.67K","-12.77%"
"Apr 24, 2018","708.16","640.57","716.01","640.57","29.26K","10.55%"
"Apr 23, 2018","640.57","639.86","656.79","629.17","41.19K","0.11%"
"Apr 22, 2018","639.86","608.39","675.37","594.18","32.95K","5.29%"
"Apr 21, 2018","607.71","614.00","623.00","555.66","65.90K","-1.02%"
"Apr 20, 2018","614.00","571.48","620.00","560.00","16.75K","7.44%"
"Apr 19, 2018","571.48","524.50","572.00","514.97","12.68K","8.96%"
"Apr 18, 2018","524.50","505.04","526.00","505.04","10.71K","3.85%"
"Apr 17, 2018","505.04","509.45","534.70","500.41","5.11K","-0.86%"
"Apr 16, 2018","509.45","532.68","536.19","493.00","1.41K","-4.36%"
"Apr 15, 2018","532.68","502.95","535.00","501.25","14.95K","5.91%"
"Apr 14, 2018","502.95","493.27","514.32","472.61","3.90K","1.96%"
"Apr 13, 2018","493.27","494.43","539.76","477.90","0.58K","-0.23%"
"Apr 12, 2018","494.43","430.51","497.57","413.00","0.72K","14.85%"
"Apr 11, 2018","430.51","415.22","432.62","412.34","0.28K","3.68%"
"Apr 10, 2018","415.22","398.77","418.01","385.00","0.33K","4.13%"
"Apr 09, 2018","398.77","400.27","428.53","382.00","14.92K","-0.37%"
"Apr 08, 2018","400.27","382.59","405.86","379.10","11.22K","4.62%"
"Apr 07, 2018","382.59","367.34","395.00","367.34","19.02K","4.15%"
"Apr 06, 2018","367.34","383.88","388.14","364.07","1.68K","-4.31%"
"Apr 05, 2018","383.88","377.24","392.87","362.74","30.45K","1.76%"
"Apr 04, 2018","377.24","415.46","416.51","362.08","19.96K","-9.20%"
"Apr 03, 2018","415.46","375.00","417.90","375.00","30.34K","10.79%"
"Apr 02, 2018","375.00","377.81","390.12","350.02","15.89K","-0.74%"
"Apr 01, 2018","377.81","393.60","404.84","341.63","32.66K","-4.01%"
"Mar 31, 2018","393.60","393.00","417.90","380.78","24.94K","0.15%"
"Mar 30, 2018","393.00","387.35","419.67","366.21","28.51K","1.46%"
"Mar 29, 2018","387.35","464.93","464.93","382.15","22.24K","-16.69%"
"Mar 28, 2018","464.93","447.60","484.15","442.69","34.18K","3.87%"
"Mar 27, 2018","447.60","484.28","497.97","447.00","1.62K","-7.57%"
"Mar 26, 2018","484.28","522.23","525.03","460.10","26.32K","-7.27%"
"Mar 25, 2018","522.23","517.00","539.76","510.00","0.97K","1.01%"
"Mar 24, 2018","517.00","543.65","548.98","517.00","1.21K","-4.90%"
"Mar 23, 2018","543.65","547.96","553.90","511.00","2.21K","-0.79%"
"Mar 22, 2018","547.96","559.87","581.98","518.00","1.69K","-2.13%"
"Mar 21, 2018","559.87","556.55","588.66","545.45","1.79K","0.62%"
"Mar 20, 2018","556.42","555.70","569.97","517.72","1.57K","0.13%"
"Mar 19, 2018","555.70","538.24","561.15","516.23","2.36K","3.35%"
"Mar 18, 2018","537.68","547.89","550.00","455.20","1.82K","-1.86%"
"Mar 17, 2018","547.89","599.31","616.42","540.00","0.89K","-8.59%"
"Mar 16, 2018","599.38","607.74","630.00","583.00","1.63K","-1.38%"
"Mar 15, 2018","607.74","607.63","618.29","571.00","1.52K","0.12%"
"Mar 14, 2018","607.00","692.36","703.87","580.00","2.21K","-12.47%"
"Mar 13, 2018","693.45","691.66","715.31","673.20","3.46K","0.26%"
"Mar 12, 2018","691.66","724.98","748.89","678.90","2.51K","-4.60%"
"Mar 11, 2018","724.98","680.91","734.99","644.00","2.12K","6.47%"
"Mar 10, 2018","680.91","720.91","744.91","672.22","1.61K","-5.55%"
"Mar 09, 2018","720.91","690.00","726.52","624.50","1.21K","4.48%"
"Mar 08, 2018","690.00","745.36","769.00","690.00","0.76K","-7.33%"
"Mar 07, 2018","744.61","812.17","827.75","700.00","1.33K","-8.23%"
"Mar 06, 2018","811.35","854.38","862.88","794.84","0.95K","-5.04%"
"Mar 05, 2018","854.38","870.41","875.00","852.00","1.07K","-1.94%"
"Mar 04, 2018","871.28","853.59","871.28","835.69","0.92K","2.07%"
"Mar 03, 2018","853.59","855.59","886.25","851.00","0.84K","-0.23%"
"Mar 02, 2018","855.59","873.27","887.49","844.50","0.95K","-2.03%"
"Mar 01, 2018","873.35","850.85","887.49","848.89","1.34K","2.65%"
"Feb 28, 2018","850.85","881.71","897.06","844.44","1.03K","-3.50%"
"Feb 27, 2018","881.71","871.16","904.65","860.92","0.86K","1.21%"
"Feb 26, 2018","871.16","842.54","888.00","832.57","1.03K","3.40%"
"Feb 25, 2018","842.54","826.13","864.19","812.85","1.33K","1.97%"
"Feb 24, 2018","826.22","849.81","876.17","809.17","2.28K","-2.78%"
"Feb 23, 2018","849.82","811.40","892.62","797.00","2.35K","4.74%"
"Feb 22, 2018","811.40","830.53","9,050.00","793.00","2.45K","-2.30%"
"Feb 21, 2018","830.52","879.78","8,910.00","817.10","1.44K","-5.60%"
"Feb 20, 2018","879.78","946.03","995.57","873.62","1.40K","-7.00%"
"Feb 19, 2018","946.03","915.05","980.91","910.00","2.34K","3.28%"
"Feb 18, 2018","915.97","970.83","1,760.00","885.11","2.66K","-5.65%"
"Feb 17, 2018","970.77","948.39","979.80","941.72","1.23K","2.31%"
"Feb 16, 2018","948.88","919.81","979.80","915.07","2.21K","3.18%"
"Feb 15, 2018","919.65","924.03","955.49","888.29","1.27K","-0.47%"
"Feb 14, 2018","924.04","846.41","957.00","845.53","1.99K","9.17%"
"Feb 13, 2018","846.41","867.07","8,970.00","827.50","0.75K","-2.29%"
"Feb 12, 2018","866.21","825.71","884.50","819.45","1.63K","4.90%"
"Feb 11, 2018","825.71","859.33","875.00","781.48","1.45K","-3.91%"
"Feb 10, 2018","859.33","866.37","914.00","821.03","1.60K","-1.34%"
"Feb 09, 2018","871.00","790.57","910.00","773.80","1.26K","9.52%"
"Feb 08, 2018","795.28","764.71","838.70","758.05","1.63K","3.90%"
"Feb 07, 2018","765.47","799.96","850.00","683.28","0.98K","-4.31%"
"Feb 06, 2018","799.96","691.35","821.97","551.00","1.15K","15.71%"
"Feb 05, 2018","691.35","839.61","864.00","614.84","1.30K","-17.66%"
"Feb 04, 2018","839.61","977.47","1,000.00","785.30","1.19K","-14.10%"
"Feb 03, 2018","977.47","908.09","997.77","853.33","1.24K","7.64%"
"Feb 02, 2018","908.09","1,059.99","1,059.99","731.00","1.28K","-14.33%"
"Feb 01, 2018","1,059.99","1,116.08","1,171.60","1,000.28","1.25K","-5.03%"
"Jan 31, 2018","1,116.08","1,101.75","1,152.50","1,050.00","0.77K","1.30%"
"Jan 30, 2018","1,101.75","1,203.60","1,220.00","1,080.00","0.57K","-8.46%"
"Jan 29, 2018","1,203.60","1,251.02","1,274.00","1,173.54","0.79K","-3.79%"
"Jan 28, 2018","1,251.02","1,134.30","1,280.00","1,122.22","0.74K","10.29%"
"Jan 27, 2018","1,134.30","1,064.59","1,180.00","1,054.14","0.83K","6.17%"
"Jan 26, 2018","1,068.37","1,063.79","1,150.46","1,000.35","1.15K","0.53%"
"Jan 25, 2018","1,062.72","1,051.95","1,163.83","1,021.00","1.06K","1.02%"
"Jan 24, 2018","1,051.95","1,042.47","1,200.00","1,000.00","1.27K","0.91%"
"Jan 23, 2018","1,042.47","999.37","1,180.00","949.89","0.90K","4.31%"
"Jan 22, 2018","999.37","1,022.74","1,152.61","944.97","1.00K","-2.29%"
"Jan 21, 2018","1,022.74","1,178.29","1,185.39","1,010.84","0.67K","-13.20%"
"Jan 20, 2018","1,178.29","979.57","1,239.89","979.57","0.97K","20.29%"
"Jan 19, 2018","979.57","991.01","1,090.00","871.00","1.71K","-1.15%"
"Jan 18, 2018","991.01","1,006.25","1,115.00","866.00","1.76K","-1.51%"