"Date","Price","Open","High","Low","Change %"
"Apr 19, 2019","1.1555","1.1564","1.1580","1.1540","-0.16%"
"Apr 18, 2019","1.1574","1.1547","1.1583","1.1534","0.23%"
"Apr 17, 2019","1.1548","1.1570","1.1577","1.1516","-0.16%"
"Apr 16, 2019","1.1567","1.1588","1.1600","1.1543","-0.14%"
"Apr 15, 2019","1.1583","1.1574","1.1606","1.1561","0.06%"
"Apr 14, 2019","1.1576","1.1572","1.1585","1.1559","0.00%"
"Apr 12, 2019","1.1576","1.1602","1.1614","1.1550","-0.23%"
"Apr 11, 2019","1.1603","1.1616","1.1630","1.1581","-0.08%"
"Apr 10, 2019","1.1612","1.1596","1.1641","1.1570","0.12%"
"Apr 09, 2019","1.1598","1.1589","1.1637","1.1555","-0.03%"
"Apr 08, 2019","1.1602","1.1623","1.1644","1.1565","-0.17%"
"Apr 07, 2019","1.1622","1.1617","1.1630","1.1610","-0.02%"
"Apr 05, 2019","1.1624","1.1656","1.1688","1.1576","-0.27%"
"Apr 04, 2019","1.1655","1.1715","1.1739","1.1633","-0.52%"
"Apr 03, 2019","1.1716","1.1721","1.1763","1.1682","-0.03%"
"Apr 02, 2019","1.1719","1.1681","1.1741","1.1616","0.30%"
"Apr 01, 2019","1.1684","1.1610","1.1732","1.1588","0.70%"
"Mar 31, 2019","1.1602","1.1601","1.1624","1.1593","-0.13%"
"Mar 29, 2019","1.1618","1.1614","1.1695","1.1559","-0.01%"
"Mar 28, 2019","1.1619","1.1730","1.1752","1.1614","-0.95%"
"Mar 27, 2019","1.1731","1.1722","1.1790","1.1693","0.05%"
"Mar 26, 2019","1.1725","1.1672","1.1740","1.1632","0.45%"
"Mar 25, 2019","1.1672","1.1673","1.1715","1.1630","-0.16%"
"Mar 24, 2019","1.1690","1.1681","1.1715","1.1678","0.12%"
"Mar 22, 2019","1.1677","1.1523","1.1722","1.1510","1.32%"
"Mar 21, 2019","1.1525","1.1563","1.1581","1.1462","-0.32%"
"Mar 20, 2019","1.1562","1.1689","1.1702","1.1538","-1.09%"
"Mar 19, 2019","1.1689","1.1696","1.1723","1.1667","-0.05%"
"Mar 18, 2019","1.1695","1.1735","1.1751","1.1629","-0.43%"
"Mar 17, 2019","1.1746","1.1739","1.1750","1.1725","0.06%"
"Mar 15, 2019","1.1739","1.1712","1.1755","1.1660","0.20%"
"Mar 14, 2019","1.1715","1.1776","1.1779","1.1678","-0.53%"
"Mar 13, 2019","1.1777","1.1583","1.1808","1.1568","1.68%"
"Mar 12, 2019","1.1582","1.1692","1.1801","1.1553","-0.94%"
"Mar 11, 2019","1.1692","1.1586","1.1722","1.1523","1.13%"
"Mar 10, 2019","1.1561","1.1578","1.1588","1.1522","-0.17%"
"Mar 08, 2019","1.1581","1.1692","1.1703","1.1554","-0.92%"
"Mar 07, 2019","1.1689","1.1647","1.1715","1.1592","0.35%"
"Mar 06, 2019","1.1648","1.1654","1.1658","1.1599","-0.05%"
"Mar 05, 2019","1.1654","1.1631","1.1664","1.1565","0.21%"
"Mar 04, 2019","1.1630","1.1606","1.1689","1.1592","-0.06%"
"Mar 03, 2019","1.1637","1.1611","1.1660","1.1592","0.27%"
"Mar 01, 2019","1.1606","1.1664","1.1678","1.1596","-0.50%"
"Feb 28, 2019","1.1664","1.1707","1.1722","1.1644","-0.35%"
"Feb 27, 2019","1.1705","1.1630","1.1724","1.1622","0.68%"
"Feb 26, 2019","1.1626","1.1522","1.1682","1.1515","0.83%"
"Feb 25, 2019","1.1530","1.1533","1.1547","1.1494","0.10%"
"Feb 24, 2019","1.1519","1.1510","1.1538","1.1503","0.10%"
"Feb 22, 2019","1.1507","1.1507","1.1527","1.1455","-0.06%"
"Feb 21, 2019","1.1514","1.1513","1.1543","1.1487","0.03%"
"Feb 20, 2019","1.1511","1.1520","1.1531","1.1473","-0.07%"
"Feb 19, 2019","1.1519","1.1426","1.1534","1.1410","0.81%"
"Feb 18, 2019","1.1426","1.1425","1.1462","1.1405","0.00%"
"Feb 17, 2019","1.1425","1.1417","1.1457","1.1414","0.11%"
"Feb 15, 2019","1.1413","1.1333","1.1427","1.1314","0.63%"
"Feb 14, 2019","1.1342","1.1409","1.1428","1.1310","-0.57%"
"Feb 13, 2019","1.1407","1.1381","1.1441","1.1366","0.21%"
"Feb 12, 2019","1.1383","1.1391","1.1426","1.1374","-0.12%"
"Feb 11, 2019","1.1397","1.1432","1.1442","1.1391","-0.24%"
"Feb 10, 2019","1.1424","1.1424","1.1442","1.1417","-0.02%"
"Feb 08, 2019","1.1427","1.1424","1.1444","1.1407","0.09%"
"Feb 07, 2019","1.1417","1.1385","1.1463","1.1346","0.30%"
"Feb 06, 2019","1.1383","1.1343","1.1402","1.1334","0.38%"
"Feb 05, 2019","1.1340","1.1394","1.1435","1.1333","-0.50%"
"Feb 04, 2019","1.1397","1.1425","1.1465","1.1393","-0.17%"
"Feb 03, 2019","1.1416","1.1422","1.1422","1.1397","-0.02%"
"Feb 01, 2019","1.1418","1.1453","1.1463","1.1370","-0.31%"
"Jan 31, 2019","1.1453","1.1426","1.1482","1.1403","0.23%"
"Jan 30, 2019","1.1427","1.1429","1.1477","1.1407","-0.02%"
"Jan 29, 2019","1.1429","1.1515","1.1555","1.1418","-0.77%"
"Jan 28, 2019","1.1518","1.1569","1.1586","1.1496","-0.47%"
"Jan 27, 2019","1.1572","1.1576","1.1583","1.1540","0.01%"
"Jan 25, 2019","1.1571","1.1561","1.1608","1.1519","0.12%"
"Jan 24, 2019","1.1557","1.1482","1.1560","1.1458","0.64%"
"Jan 23, 2019","1.1483","1.1409","1.1500","1.1384","0.67%"
"Jan 22, 2019","1.1407","1.1339","1.1418","1.1323","0.57%"
"Jan 21, 2019","1.1342","1.1335","1.1359","1.1281","0.30%"
"Jan 20, 2019","1.1308","1.1329","1.1351","1.1291","-0.19%"
"Jan 18, 2019","1.1330","1.1393","1.1412","1.1311","-0.59%"
"Jan 17, 2019","1.1397","1.1303","1.1415","1.1271","0.85%"
"Jan 16, 2019","1.1301","1.1265","1.1316","1.1247","0.29%"
"Jan 15, 2019","1.1268","1.1207","1.1297","1.1128","0.52%"
"Jan 14, 2019","1.1210","1.1205","1.1271","1.1170","-0.01%"
"Jan 13, 2019","1.1211","1.1206","1.1240","1.1194","0.06%"
"Jan 11, 2019","1.1204","1.1087","1.1212","1.1035","1.06%"
"Jan 10, 2019","1.1086","1.1080","1.1100","1.1036","0.05%"
"Jan 09, 2019","1.1080","1.1114","1.1143","1.1057","-0.33%"
"Jan 08, 2019","1.1117","1.1139","1.1178","1.1102","-0.19%"
"Jan 07, 2019","1.1138","1.1173","1.1175","1.1120","-0.19%"
"Jan 06, 2019","1.1159","1.1171","1.1174","1.1152","-0.10%"
"Jan 04, 2019","1.1170","1.1088","1.1184","1.1073","0.76%"
"Jan 03, 2019","1.1086","1.1112","1.1128","1.0945","-0.27%"
"Jan 02, 2019","1.1116","1.1124","1.1138","1.1071","-0.06%"
"Jan 01, 2019","1.1123","1.1126","1.1167","1.1042","0.00%"
"Dec 31, 2018","1.1123","1.1083","1.1204","1.1079","0.26%"
"Dec 30, 2018","1.1094","1.1110","1.1110","1.1078","-0.10%"
"Dec 28, 2018","1.1105","1.1061","1.1111","1.1034","0.40%"
"Dec 27, 2018","1.1061","1.1129","1.1150","1.1036","-0.60%"
"Dec 26, 2018","1.1128","1.1166","1.1184","1.1099","-0.33%"
"Dec 25, 2018","1.1165","1.1162","1.1245","1.1087","0.03%"
"Dec 24, 2018","1.1162","1.1127","1.1171","1.1076","0.34%"
"Dec 23, 2018","1.1124","1.1134","1.1139","1.1100","0.15%"
"Dec 21, 2018","1.1107","1.1057","1.1133","1.1045","0.44%"
"Dec 20, 2018","1.1058","1.1083","1.1112","1.1044","-0.23%"
"Dec 19, 2018","1.1083","1.1133","1.1141","1.1059","-0.42%"
"Dec 18, 2018","1.1130","1.1124","1.1159","1.1097","0.03%"
"Dec 17, 2018","1.1127","1.1137","1.1157","1.1102","-0.04%"
"Dec 16, 2018","1.1132","1.1151","1.1151","1.1124","0.04%"
"Dec 14, 2018","1.1127","1.1139","1.1162","1.1098","-0.11%"
"Dec 13, 2018","1.1139","1.1113","1.1174","1.1091","0.27%"
"Dec 12, 2018","1.1109","1.1032","1.1151","1.1024","0.67%"
"Dec 11, 2018","1.1035","1.1061","1.1105","1.1023","-0.22%"
"Dec 10, 2018","1.1059","1.1189","1.1211","1.1003","-0.88%"
"Dec 09, 2018","1.1157","1.1153","1.1162","1.1151","-0.27%"
"Dec 07, 2018","1.1187","1.1237","1.1263","1.1150","-0.46%"
"Dec 06, 2018","1.1239","1.1225","1.1255","1.1199","0.13%"
"Dec 05, 2018","1.1224","1.1215","1.1272","1.1194","0.11%"
"Dec 04, 2018","1.1212","1.1207","1.1253","1.1178","0.05%"
"Dec 03, 2018","1.1206","1.1282","1.1288","1.1202","-0.33%"
"Dec 02, 2018","1.1243","1.1236","1.1247","1.1218","-0.27%"
"Nov 30, 2018","1.1273","1.1230","1.1290","1.1204","0.38%"
"Nov 29, 2018","1.1230","1.1286","1.1291","1.1209","-0.47%"
"Nov 28, 2018","1.1283","1.1289","1.1350","1.1263","-0.11%"
"Nov 27, 2018","1.1295","1.1329","1.1334","1.1247","-0.31%"
"Nov 26, 2018","1.1330","1.1333","1.1340","1.1273","0.26%"
"Nov 25, 2018","1.1301","1.1310","1.1316","1.1300","0.02%"
"Nov 23, 2018","1.1299","1.1289","1.1321","1.1260","0.10%"
"Nov 22, 2018","1.1288","1.1222","1.1312","1.1203","0.58%"
"Nov 21, 2018","1.1223","1.1246","1.1270","1.1204","-0.20%"
"Nov 20, 2018","1.1246","1.1220","1.1270","1.1206","0.23%"
"Nov 19, 2018","1.1220","1.1234","1.1280","1.1195","-0.22%"
"Nov 18, 2018","1.1244","1.1256","1.1256","1.1234","0.02%"
"Nov 16, 2018","1.1242","1.1278","1.1336","1.1226","-0.39%"
"Nov 15, 2018","1.1286","1.1492","1.1502","1.1249","-1.78%"
"Nov 14, 2018","1.1491","1.1490","1.1541","1.1418","0.03%"
"Nov 13, 2018","1.1487","1.1456","1.1557","1.1439","0.29%"
"Nov 12, 2018","1.1454","1.1439","1.1486","1.1397","0.25%"
"Nov 11, 2018","1.1425","1.1409","1.1427","1.1409","-0.19%"
"Nov 09, 2018","1.1447","1.1496","1.1511","1.1436","-0.41%"
"Nov 08, 2018","1.1494","1.1486","1.1506","1.1440","0.05%"
"Nov 07, 2018","1.1488","1.1463","1.1495","1.1432","0.22%"
"Nov 06, 2018","1.1463","1.1433","1.1481","1.1417","0.27%"
"Nov 05, 2018","1.1432","1.1434","1.1457","1.1397","0.18%"
"Nov 04, 2018","1.1411","1.1430","1.1436","1.1409","0.16%"
"Nov 02, 2018","1.1393","1.1406","1.1417","1.1362","-0.11%"
"Nov 01, 2018","1.1405","1.1287","1.1429","1.1275","1.05%"
"Oct 31, 2018","1.1286","1.1199","1.1311","1.1191","0.77%"
"Oct 30, 2018","1.1200","1.1248","1.1264","1.1182","-0.44%"
"Oct 29, 2018","1.1249","1.1244","1.1277","1.1231","-0.07%"
"Oct 28, 2018","1.1257","1.1256","1.1258","1.1249","0.04%"
"Oct 26, 2018","1.1252","1.1266","1.1287","1.1240","-0.13%"
"Oct 25, 2018","1.1267","1.1309","1.1326","1.1255","-0.35%"
"Oct 24, 2018","1.1307","1.1316","1.1346","1.1298","-0.09%"
"Oct 23, 2018","1.1317","1.1307","1.1369","1.1299","0.10%"
"Oct 22, 2018","1.1306","1.1358","1.1360","1.1288","-0.40%"
"Oct 21, 2018","1.1352","1.1353","1.1355","1.1337","0.00%"
"Oct 19, 2018","1.1352","1.1367","1.1398","1.1318","-0.12%"
"Oct 18, 2018","1.1366","1.1401","1.1409","1.1353","-0.32%"
"Oct 17, 2018","1.1403","1.1389","1.1416","1.1353","0.09%"
"Oct 16, 2018","1.1393","1.1358","1.1427","1.1341","0.30%"
"Oct 15, 2018","1.1359","1.1360","1.1386","1.1324","0.13%"
"Oct 14, 2018","1.1344","1.1338","1.1356","1.1336","-0.30%"
"Oct 12, 2018","1.1378","1.1416","1.1436","1.1368","-0.32%"
"Oct 11, 2018","1.1415","1.1454","1.1464","1.1396","-0.35%"
"Oct 10, 2018","1.1455","1.1440","1.1466","1.1420","0.14%"
"Oct 09, 2018","1.1439","1.1391","1.1452","1.1374","0.43%"
"Oct 08, 2018","1.1390","1.1381","1.1402","1.1355","-0.02%"
"Oct 07, 2018","1.1392","1.1390","1.1393","1.1377","0.03%"
"Oct 05, 2018","1.1388","1.1308","1.1397","1.1297","0.71%"
"Oct 04, 2018","1.1308","1.1274","1.1321","1.1264","0.30%"
"Oct 03, 2018","1.1274","1.1239","1.1292","1.1212","0.31%"
"Oct 02, 2018","1.1239","1.1267","1.1281","1.1217","-0.23%"
"Oct 01, 2018","1.1265","1.1227","1.1287","1.1212","0.27%"
"Sep 30, 2018","1.1235","1.1225","1.1236","1.1222","0.09%"
"Sep 28, 2018","1.1224","1.1237","1.1275","1.1217","-0.11%"
"Sep 27, 2018","1.1236","1.1215","1.1259","1.1188","0.18%"
"Sep 26, 2018","1.1216","1.1204","1.1236","1.1175","0.15%"
"Sep 25, 2018","1.1199","1.1166","1.1211","1.1138","0.27%"
"Sep 24, 2018","1.1169","1.1131","1.1194","1.1111","0.32%"
"Sep 23, 2018","1.1133","1.1141","1.1141","1.1126","0.03%"
"Sep 21, 2018","1.1130","1.1265","1.1276","1.1113","-1.21%"
"Sep 20, 2018","1.1266","1.1260","1.1304","1.1243","0.05%"
"Sep 19, 2018","1.1260","1.1269","1.1287","1.1207","-0.08%"
"Sep 18, 2018","1.1269","1.1261","1.1275","1.1222","0.06%"
"Sep 17, 2018","1.1262","1.1240","1.1269","1.1228","0.18%"
"Sep 16, 2018","1.1242","1.1244","1.1250","1.1239","0.06%"
"Sep 14, 2018","1.1235","1.1214","1.1253","1.1195","0.20%"
"Sep 13, 2018","1.1213","1.1222","1.1247","1.1197","-0.09%"
"Sep 12, 2018","1.1223","1.1235","1.1260","1.1188","-0.07%"
"Sep 11, 2018","1.1231","1.1235","1.1267","1.1185","-0.04%"
"Sep 10, 2018","1.1236","1.1195","1.1245","1.1162","0.46%"
"Sep 09, 2018","1.1184","1.1192","1.1193","1.1182","-0.01%"
"Sep 07, 2018","1.1185","1.1128","1.1224","1.1102","0.52%"
"Sep 06, 2018","1.1127","1.1099","1.1145","1.1084","0.26%"
"Sep 05, 2018","1.1098","1.1100","1.1168","1.1046","-0.02%"
"Sep 04, 2018","1.1100","1.1070","1.1127","1.1065","0.23%"
"Sep 03, 2018","1.1074","1.1185","1.1187","1.1068","-0.60%"
"Sep 02, 2018","1.1141","1.1139","1.1150","1.1130","-0.29%"
"Aug 31, 2018","1.1173","1.1150","1.1193","1.1126","0.21%"
"Aug 30, 2018","1.1150","1.1126","1.1171","1.1119","0.22%"
"Aug 29, 2018","1.1126","1.1012","1.1136","1.0998","1.04%"
"Aug 28, 2018","1.1011","1.1041","1.1049","1.0990","-0.26%"
"Aug 27, 2018","1.1040","1.1041","1.1072","1.1027","0.00%"
"Aug 26, 2018","1.1040","1.1056","1.1058","1.1040","-0.17%"
"Aug 24, 2018","1.1059","1.1108","1.1114","1.1046","-0.43%"
"Aug 23, 2018","1.1107","1.1134","1.1151","1.1079","-0.23%"
"Aug 22, 2018","1.1133","1.1149","1.1162","1.1104","-0.16%"
"Aug 21, 2018","1.1151","1.1146","1.1178","1.1105","0.04%"
"Aug 20, 2018","1.1146","1.1118","1.1189","1.1118","0.01%"
"Aug 19, 2018","1.1145","1.1146","1.1150","1.1140","-0.05%"
"Aug 17, 2018","1.1150","1.1176","1.1194","1.1136","-0.27%"
"Aug 16, 2018","1.1180","1.1191","1.1200","1.1159","-0.12%"
"Aug 15, 2018","1.1193","1.1219","1.1239","1.1184","-0.22%"
"Aug 14, 2018","1.1218","1.1189","1.1243","1.1179","0.24%"
"Aug 13, 2018","1.1191","1.1211","1.1234","1.1174","-0.06%"
"Aug 12, 2018","1.1198","1.1212","1.1212","1.1195","0.07%"
"Aug 10, 2018","1.1190","1.1125","1.1205","1.1119","0.58%"
"Aug 09, 2018","1.1125","1.1094","1.1138","1.1072","0.28%"
"Aug 08, 2018","1.1094","1.1154","1.1165","1.1088","-0.56%"
"Aug 07, 2018","1.1156","1.1204","1.1213","1.1153","-0.42%"
"Aug 06, 2018","1.1203","1.1241","1.1254","1.1188","-0.39%"
"Aug 05, 2018","1.1247","1.1245","1.1249","1.1234","0.01%"
"Aug 03, 2018","1.1245","1.1238","1.1247","1.1210","0.05%"
"Aug 02, 2018","1.1239","1.1258","1.1296","1.1203","-0.17%"
"Aug 01, 2018","1.1258","1.1229","1.1261","1.1213","0.28%"
"Jul 31, 2018","1.1227","1.1220","1.1235","1.1188","0.06%"
"Jul 30, 2018","1.1220","1.1234","1.1264","1.1213","-0.21%"
"Jul 29, 2018","1.1244","1.1252","1.1252","1.1239","-0.03%"
"Jul 27, 2018","1.1247","1.1259","1.1271","1.1235","-0.12%"
"Jul 26, 2018","1.1260","1.1244","1.1283","1.1237","0.13%"
"Jul 25, 2018","1.1245","1.1246","1.1271","1.1231","-0.03%"
"Jul 24, 2018","1.1248","1.1204","1.1258","1.1200","0.37%"
"Jul 23, 2018","1.1206","1.1205","1.1227","1.1178","0.09%"
"Jul 22, 2018","1.1196","1.1193","1.1201","1.1188","-0.09%"
"Jul 20, 2018","1.1206","1.1177","1.1213","1.1161","0.25%"
"Jul 19, 2018","1.1178","1.1229","1.1237","1.1165","-0.49%"
"Jul 18, 2018","1.1233","1.1248","1.1273","1.1195","-0.12%"
"Jul 17, 2018","1.1247","1.1300","1.1313","1.1215","-0.50%"
"Jul 16, 2018","1.1303","1.1328","1.1346","1.1293","-0.20%"
"Jul 15, 2018","1.1326","1.1316","1.1328","1.1315","0.00%"
"Jul 13, 2018","1.1325","1.1314","1.1333","1.1277","0.10%"
"Jul 12, 2018","1.1314","1.1311","1.1339","1.1298","0.02%"
"Jul 11, 2018","1.1312","1.1306","1.1328","1.1281","0.07%"
"Jul 10, 2018","1.1304","1.1284","1.1341","1.1267","0.19%"
"Jul 09, 2018","1.1283","1.1332","1.1350","1.1233","-0.27%"
"Jul 08, 2018","1.1313","1.1344","1.1344","1.1311","0.03%"
"Jul 06, 2018","1.1310","1.1314","1.1322","1.1275","-0.04%"
"Jul 05, 2018","1.1314","1.1352","1.1365","1.1287","-0.33%"
"Jul 04, 2018","1.1352","1.1320","1.1367","1.1305","0.30%"
"Jul 03, 2018","1.1318","1.1294","1.1329","1.1280","0.23%"
"Jul 02, 2018","1.1292","1.1308","1.1330","1.1273","-0.15%"
"Jul 01, 2018","1.1309","1.1307","1.1318","1.1288","0.05%"
"Jun 29, 2018","1.1304","1.1304","1.1318","1.1248","0.00%"
"Jun 28, 2018","1.1304","1.1350","1.1355","1.1272","-0.40%"
"Jun 27, 2018","1.1349","1.1357","1.1373","1.1326","-0.06%"
"Jun 26, 2018","1.1356","1.1341","1.1367","1.1330","0.11%"
"Jun 25, 2018","1.1343","1.1383","1.1393","1.1338","-0.28%"
"Jun 24, 2018","1.1374","1.1365","1.1378","1.1364","-0.07%"
"Jun 22, 2018","1.1383","1.1421","1.1436","1.1357","-0.33%"
"Jun 21, 2018","1.1421","1.1386","1.1463","1.1363","0.33%"
"Jun 20, 2018","1.1383","1.1372","1.1406","1.1359","0.10%"
"Jun 19, 2018","1.1372","1.1397","1.1429","1.1365","-0.20%"
"Jun 18, 2018","1.1395","1.1441","1.1460","1.1388","-0.49%"
"Jun 17, 2018","1.1451","1.1448","1.1455","1.1442","0.06%"
"Jun 15, 2018","1.1444","1.1464","1.1474","1.1419","-0.17%"
"Jun 14, 2018","1.1464","1.1344","1.1470","1.1334","1.06%"
"Jun 13, 2018","1.1344","1.1385","1.1392","1.1328","-0.36%"
"Jun 12, 2018","1.1385","1.1350","1.1405","1.1321","0.31%"
"Jun 11, 2018","1.1350","1.1394","1.1415","1.1321","-0.26%"
"Jun 10, 2018","1.1380","1.1393","1.1393","1.1380","-0.15%"
"Jun 08, 2018","1.1397","1.1376","1.1420","1.1363","0.18%"
"Jun 07, 2018","1.1376","1.1394","1.1398","1.1314","-0.15%"
"Jun 06, 2018","1.1393","1.1432","1.1444","1.1378","-0.35%"
"Jun 05, 2018","1.1433","1.1381","1.1466","1.1372","0.47%"
"Jun 04, 2018","1.1380","1.1442","1.1451","1.1377","-0.58%"
"Jun 03, 2018","1.1446","1.1445","1.1449","1.1439","-0.01%"
"Jun 01, 2018","1.1447","1.1373","1.1461","1.1348","0.62%"
"May 31, 2018","1.1376","1.1394","1.1425","1.1363","-0.18%"
"May 30, 2018","1.1396","1.1486","1.1502","1.1384","-0.77%"
"May 29, 2018","1.1485","1.1453","1.1500","1.1438","0.27%"
"May 28, 2018","1.1454","1.1421","1.1464","1.1369","0.60%"
"May 27, 2018","1.1386","1.1395","1.1403","1.1383","-0.32%"
"May 25, 2018","1.1422","1.1418","1.1445","1.1387","0.04%"
"May 24, 2018","1.1418","1.1409","1.1445","1.1390","0.07%"
"May 23, 2018","1.1410","1.1406","1.1443","1.1363","0.04%"
"May 22, 2018","1.1406","1.1389","1.1420","1.1375","0.14%"
"May 21, 2018","1.1390","1.1455","1.1464","1.1384","-0.44%"
"May 18, 2018","1.1440","1.1462","1.1467","1.1425","-0.17%"
"May 17, 2018","1.1460","1.1426","1.1480","1.1419","0.32%"
"May 16, 2018","1.1423","1.1408","1.1454","1.1384","0.11%"
"May 15, 2018","1.1410","1.1365","1.1414","1.1339","0.39%"
"May 14, 2018","1.1366","1.1348","1.1369","1.1328","0.24%"
"May 11, 2018","1.1339","1.1346","1.1382","1.1328","-0.07%"
"May 10, 2018","1.1347","1.1432","1.1459","1.1316","-0.74%"
"May 09, 2018","1.1432","1.1417","1.1460","1.1404","0.12%"
"May 08, 2018","1.1418","1.1372","1.1427","1.1350","0.41%"
"May 07, 2018","1.1371","1.1319","1.1393","1.1308","0.49%"
"May 04, 2018","1.1315","1.1324","1.1347","1.1305","-0.08%"
"May 03, 2018","1.1324","1.1362","1.1370","1.1311","-0.34%"
"May 02, 2018","1.1363","1.1351","1.1389","1.1323","0.11%"
"May 01, 2018","1.1351","1.1393","1.1416","1.1334","-0.44%"
"Apr 30, 2018","1.1401","1.1366","1.1410","1.1328","0.35%"
"Apr 27, 2018","1.1361","1.1500","1.1520","1.1357","-1.23%"
"Apr 26, 2018","1.1502","1.1458","1.1522","1.1426","0.40%"
"Apr 25, 2018","1.1456","1.1426","1.1459","1.1421","0.27%"
"Apr 24, 2018","1.1425","1.1418","1.1445","1.1406","0.05%"
"Apr 23, 2018","1.1419","1.1403","1.1439","1.1390","0.19%"
"Apr 20, 2018","1.1397","1.1415","1.1451","1.1374","-0.15%"
"Apr 19, 2018","1.1414","1.1478","1.1512","1.1401","-0.57%"
"Apr 18, 2018","1.1479","1.1551","1.1571","1.1463","-0.61%"
"Apr 17, 2018","1.1550","1.1582","1.1601","1.1544","-0.27%"
"Apr 16, 2018","1.1581","1.1553","1.1595","1.1535","0.29%"
"Apr 13, 2018","1.1548","1.1542","1.1594","1.1539","0.05%"
"Apr 12, 2018","1.1542","1.1465","1.1573","1.1454","0.69%"
"Apr 11, 2018","1.1463","1.1472","1.1497","1.1440","-0.08%"
"Apr 10, 2018","1.1472","1.1471","1.1508","1.1457","0.03%"
"Apr 09, 2018","1.1469","1.1481","1.1499","1.1462","-0.03%"
"Apr 06, 2018","1.1473","1.1441","1.1498","1.1428","0.28%"
"Apr 05, 2018","1.1441","1.1467","1.1477","1.1428","-0.24%"
"Apr 04, 2018","1.1469","1.1456","1.1476","1.1415","0.10%"
"Apr 03, 2018","1.1458","1.1417","1.1479","1.1408","0.36%"
"Apr 02, 2018","1.1417","1.1388","1.1429","1.1374","0.36%"
"Mar 30, 2018","1.1376","1.1396","1.1415","1.1368","-0.18%"
"Mar 29, 2018","1.1396","1.1438","1.1443","1.1395","-0.37%"
"Mar 28, 2018","1.1438","1.1413","1.1451","1.1404","0.21%"
"Mar 27, 2018","1.1414","1.1439","1.1439","1.1367","-0.19%"
"Mar 26, 2018","1.1436","1.1448","1.1475","1.1410","-0.04%"
"Mar 23, 2018","1.1441","1.1459","1.1484","1.1422","-0.16%"
"Mar 22, 2018","1.1459","1.1462","1.1539","1.1439","-0.03%"
"Mar 21, 2018","1.1462","1.1437","1.1487","1.1417","0.24%"
"Mar 20, 2018","1.1435","1.1369","1.1439","1.1362","0.58%"
"Mar 19, 2018","1.1369","1.1345","1.1437","1.1335","0.23%"
"Mar 16, 2018","1.1343","1.1327","1.1354","1.1311","0.14%"
"Mar 15, 2018","1.1327","1.1287","1.1336","1.1267","0.35%"
"Mar 14, 2018","1.1288","1.1268","1.1309","1.1260","0.18%"
"Mar 13, 2018","1.1268","1.1274","1.1300","1.1253","-0.05%"
"Mar 12, 2018","1.1274","1.1252","1.1303","1.1239","0.19%"
"Mar 09, 2018","1.1253","1.1220","1.1269","1.1202","0.30%"
"Mar 08, 2018","1.1219","1.1200","1.1231","1.1162","0.17%"
"Mar 07, 2018","1.1200","1.1196","1.1216","1.1150","0.04%"
"Mar 06, 2018","1.1196","1.1228","1.1232","1.1180","-0.27%"
"Mar 05, 2018","1.1226","1.1186","1.1256","1.1165","0.16%"
"Mar 02, 2018","1.1208","1.1231","1.1243","1.1168","-0.20%"
"Mar 01, 2018","1.1230","1.1284","1.1316","1.1222","-0.49%"
"Feb 28, 2018","1.1285","1.1371","1.1393","1.1277","-0.75%"
"Feb 27, 2018","1.1370","1.1341","1.1384","1.1304","0.26%"
"Feb 26, 2018","1.1340","1.1367","1.1403","1.1332","-0.18%"
"Feb 23, 2018","1.1361","1.1318","1.1383","1.1309","0.34%"
"Feb 22, 2018","1.1322","1.1332","1.1338","1.1280","-0.07%"
"Feb 21, 2018","1.1330","1.1344","1.1359","1.1288","-0.11%"
"Feb 20, 2018","1.1343","1.1288","1.1359","1.1273","0.50%"
"Feb 19, 2018","1.1287","1.1311","1.1312","1.1274","-0.28%"
"Feb 16, 2018","1.1319","1.1274","1.1319","1.1249","0.41%"
"Feb 15, 2018","1.1273","1.1243","1.1292","1.1232","0.27%"
"Feb 14, 2018","1.1243","1.1248","1.1273","1.1211","-0.03%"
"Feb 13, 2018","1.1246","1.1258","1.1293","1.1220","-0.11%"
"Feb 12, 2018","1.1258","1.1286","1.1308","1.1243","-0.46%"
"Feb 09, 2018","1.1310","1.1363","1.1396","1.1262","-0.45%"
"Feb 08, 2018","1.1361","1.1319","1.1453","1.1310","0.38%"
"Feb 07, 2018","1.1318","1.1271","1.1323","1.1237","0.43%"
"Feb 06, 2018","1.1270","1.1288","1.1294","1.1220","-0.14%"
"Feb 05, 2018","1.1286","1.1339","1.1353","1.1265","-0.41%"
"Feb 02, 2018","1.1333","1.1402","1.1422","1.1326","-0.61%"
"Feb 01, 2018","1.1403","1.1432","1.1475","1.1396","-0.19%"
"Jan 31, 2018","1.1425","1.1406","1.1441","1.1341","0.16%"
"Jan 30, 2018","1.1407","1.1366","1.1424","1.1318","0.36%"
"Jan 29, 2018","1.1366","1.1397","1.1408","1.1342","-0.37%"
"Jan 26, 2018","1.1408","1.1412","1.1464","1.1385","0.00%"
"Jan 25, 2018","1.1408","1.1478","1.1513","1.1381","-0.62%"
"Jan 24, 2018","1.1479","1.1383","1.1498","1.1380","0.84%"
"Jan 23, 2018","1.1383","1.1406","1.1417","1.1368","-0.21%"
"Jan 22, 2018","1.1407","1.1305","1.1415","1.1305","0.64%"
"Jan 19, 2018","1.1334","1.1355","1.1360","1.1304","-0.16%"
"Jan 18, 2018","1.1352","1.1347","1.1363","1.1312","0.05%"
"Jan 17, 2018","1.1346","1.1249","1.1356","1.1223","0.86%"
"Jan 16, 2018","1.1249","1.1245","1.1284","1.1232","0.02%"
"Jan 15, 2018","1.1247","1.1261","1.1274","1.1222","-0.17%"
"Jan 12, 2018","1.1266","1.1252","1.1294","1.1200","0.12%"
"Jan 11, 2018","1.1252","1.1304","1.1308","1.1218","-0.47%"
"Jan 10, 2018","1.1305","1.1343","1.1349","1.1269","-0.34%"
"Jan 09, 2018","1.1343","1.1340","1.1354","1.1318","0.04%"
"Jan 08, 2018","1.1338","1.1282","1.1345","1.1263","0.51%"
"Jan 05, 2018","1.1281","1.1230","1.1282","1.1219","0.45%"
"Jan 04, 2018","1.1231","1.1249","1.1262","1.1203","-0.16%"
"Jan 03, 2018","1.1249","1.1268","1.1304","1.1231","-0.16%"
"Jan 02, 2018","1.1267","1.1246","1.1291","1.1212","0.20%"
"Jan 01, 2018","1.1244","1.1261","1.1271","1.1241","-0.18%"
"Dec 29, 2017","1.1264","1.1257","1.1292","1.1243","0.06%"
"Dec 28, 2017","1.1257","1.1271","1.1281","1.1242","-0.11%"
"Dec 27, 2017","1.1269","1.1279","1.1298","1.1252","-0.08%"
"Dec 26, 2017","1.1278","1.1265","1.1283","1.1242","0.12%"
"Dec 25, 2017","1.1264","1.1264","1.1299","1.1246","-0.04%"
"Dec 22, 2017","1.1268","1.1276","1.1320","1.1257","-0.05%"
"Dec 21, 2017","1.1274","1.1264","1.1278","1.1243","0.07%"
"Dec 20, 2017","1.1266","1.1304","1.1328","1.1261","-0.34%"
"Dec 19, 2017","1.1305","1.1360","1.1363","1.1278","-0.48%"
"Dec 18, 2017","1.1360","1.1337","1.1375","1.1309","0.23%"
"Dec 15, 2017","1.1334","1.1403","1.1417","1.1287","-0.61%"
"Dec 14, 2017","1.1403","1.1346","1.1418","1.1320","0.49%"
"Dec 13, 2017","1.1347","1.1342","1.1388","1.1320","0.05%"
"Dec 12, 2017","1.1341","1.1335","1.1378","1.1304","0.04%"
"Dec 11, 2017","1.1336","1.1380","1.1399","1.1305","-0.41%"
"Dec 08, 2017","1.1383","1.1446","1.1510","1.1354","-0.54%"
"Dec 07, 2017","1.1445","1.1353","1.1453","1.1298","0.81%"
"Dec 06, 2017","1.1353","1.1367","1.1374","1.1295","-0.12%"
"Dec 05, 2017","1.1367","1.1360","1.1390","1.1275","0.06%"
"Dec 04, 2017","1.1360","1.1339","1.1423","1.1317","0.26%"
"Dec 01, 2017","1.1330","1.1364","1.1381","1.1305","-0.29%"
"Nov 30, 2017","1.1363","1.1320","1.1396","1.1311","0.39%"
"Nov 29, 2017","1.1319","1.1264","1.1344","1.1261","0.48%"
"Nov 28, 2017","1.1265","1.1194","1.1305","1.1133","0.63%"
"Nov 27, 2017","1.1194","1.1173","1.1207","1.1151","0.13%"
"Nov 24, 2017","1.1179","1.1227","1.1245","1.1156","-0.45%"
"Nov 23, 2017","1.1229","1.1272","1.1280","1.1220","-0.39%"
"Nov 22, 2017","1.1273","1.1280","1.1297","1.1246","-0.05%"
"Nov 21, 2017","1.1279","1.1281","1.1312","1.1253","-0.02%"
"Nov 20, 2017","1.1281","1.1201","1.1291","1.1201","0.70%"
"Nov 17, 2017","1.1203","1.1212","1.1241","1.1168","-0.07%"
"Nov 16, 2017","1.1211","1.1170","1.1222","1.1151","0.36%"
"Nov 15, 2017","1.1171","1.1159","1.1175","1.1092","0.11%"
"Nov 14, 2017","1.1159","1.1241","1.1252","1.1141","-0.74%"
"Nov 13, 2017","1.1242","1.1302","1.1317","1.1206","-0.58%"
"Nov 10, 2017","1.1308","1.1293","1.1351","1.1268","0.14%"
"Nov 09, 2017","1.1292","1.1310","1.1333","1.1263","-0.17%"
"Nov 08, 2017","1.1311","1.1363","1.1368","1.1282","-0.47%"
"Nov 07, 2017","1.1364","1.1345","1.1376","1.1317","0.17%"
"Nov 06, 2017","1.1345","1.1267","1.1352","1.1245","0.73%"
"Nov 03, 2017","1.1263","1.1201","1.1273","1.1192","0.55%"
"Nov 02, 2017","1.1201","1.1401","1.1410","1.1186","-1.75%"
"Nov 01, 2017","1.1401","1.1406","1.1454","1.1384","-0.04%"
"Oct 31, 2017","1.1405","1.1337","1.1408","1.1329","0.60%"
"Oct 30, 2017","1.1337","1.1312","1.1377","1.1294","0.26%"
"Oct 27, 2017","1.1308","1.1298","1.1333","1.1233","0.11%"
"Oct 26, 2017","1.1296","1.1227","1.1300","1.1161","0.61%"
"Oct 25, 2017","1.1228","1.1168","1.1262","1.1141","0.52%"
"Oct 24, 2017","1.1170","1.1234","1.1245","1.1141","-0.56%"
"Oct 23, 2017","1.1233","1.1202","1.1256","1.1196","0.38%"
"Oct 20, 2017","1.1191","1.1101","1.1207","1.1080","0.80%"
"Oct 19, 2017","1.1102","1.1204","1.1207","1.1095","-0.89%"
"Oct 18, 2017","1.1202","1.1209","1.1236","1.1177","-0.09%"
"Oct 17, 2017","1.1212","1.1233","1.1292","1.1198","-0.18%"
"Oct 16, 2017","1.1232","1.1260","1.1294","1.1206","-0.05%"
"Oct 13, 2017","1.1238","1.1210","1.1268","1.1198","0.25%"
"Oct 12, 2017","1.1210","1.1149","1.1218","1.1068","0.53%"
"Oct 11, 2017","1.1151","1.1182","1.1189","1.1124","-0.30%"
"Oct 10, 2017","1.1184","1.1193","1.1206","1.1166","-0.09%"
"Oct 09, 2017","1.1194","1.1143","1.1229","1.1130","0.53%"
"Oct 06, 2017","1.1135","1.1202","1.1208","1.1119","-0.60%"
"Oct 05, 2017","1.1202","1.1263","1.1271","1.1192","-0.55%"
"Oct 04, 2017","1.1264","1.1274","1.1301","1.1259","-0.09%"
"Oct 03, 2017","1.1274","1.1317","1.1338","1.1259","-0.37%"
"Oct 02, 2017","1.1316","1.1322","1.1366","1.1276","-0.21%"
"Sep 29, 2017","1.1340","1.1404","1.1410","1.1309","-0.57%"
"Sep 28, 2017","1.1405","1.1400","1.1420","1.1350","0.06%"
"Sep 27, 2017","1.1398","1.1410","1.1437","1.1366","-0.12%"
"Sep 26, 2017","1.1412","1.1368","1.1427","1.1360","0.40%"
"Sep 25, 2017","1.1366","1.1287","1.1399","1.1280","0.64%"
"Sep 22, 2017","1.1294","1.1374","1.1380","1.1254","-0.69%"
"Sep 21, 2017","1.1373","1.1347","1.1387","1.1320","0.24%"
"Sep 20, 2017","1.1346","1.1263","1.1372","1.1249","0.74%"
"Sep 19, 2017","1.1263","1.1289","1.1312","1.1237","-0.22%"
"Sep 18, 2017","1.1288","1.1364","1.1394","1.1281","-0.82%"
"Sep 15, 2017","1.1381","1.1240","1.1399","1.1225","1.25%"
"Sep 14, 2017","1.1240","1.1114","1.1281","1.1058","1.13%"
"Sep 13, 2017","1.1114","1.1100","1.1134","1.1063","0.12%"
"Sep 12, 2017","1.1101","1.1014","1.1134","1.1008","0.80%"
"Sep 11, 2017","1.1013","1.0965","1.1022","1.0953","0.42%"
"Sep 08, 2017","1.0967","1.0896","1.0980","1.0865","0.64%"
"Sep 07, 2017","1.0897","1.0944","1.0971","1.0864","-0.43%"
"Sep 06, 2017","1.0944","1.0939","1.0960","1.0911","0.05%"
"Sep 05, 2017","1.0939","1.0873","1.0953","1.0854","0.63%"
"Sep 04, 2017","1.0871","1.0926","1.0931","1.0836","-0.45%"
"Sep 01, 2017","1.0920","1.0857","1.0934","1.0830","0.58%"
"Aug 31, 2017","1.0857","1.0878","1.0888","1.0824","-0.17%"
"Aug 30, 2017","1.0876","1.0791","1.0880","1.0787","0.78%"
"Aug 29, 2017","1.0792","1.0794","1.0815","1.0741","-0.04%"
"Aug 28, 2017","1.0796","1.0820","1.0844","1.0788","-0.12%"
"Aug 25, 2017","1.0809","1.0848","1.0876","1.0785","-0.37%"
"Aug 24, 2017","1.0849","1.0839","1.0883","1.0826","0.07%"
"Aug 23, 2017","1.0841","1.0903","1.0920","1.0825","-0.57%"
"Aug 22, 2017","1.0903","1.0915","1.0926","1.0894","-0.15%"
"Aug 21, 2017","1.0919","1.0941","1.0980","1.0914","-0.26%"
"Aug 18, 2017","1.0947","1.0977","1.1005","1.0931","-0.27%"
"Aug 17, 2017","1.0977","1.0957","1.1038","1.0943","0.19%"
"Aug 16, 2017","1.0956","1.0967","1.1011","1.0935","-0.10%"
"Aug 15, 2017","1.0967","1.1005","1.1052","1.0949","-0.35%"
"Aug 14, 2017","1.1006","1.1005","1.1027","1.0990","-0.02%"
"Aug 11, 2017","1.1008","1.1021","1.1050","1.0964","-0.13%"
"Aug 10, 2017","1.1022","1.1056","1.1104","1.1016","-0.33%"
"Aug 09, 2017","1.1059","1.1057","1.1102","1.1039","0.05%"
"Aug 08, 2017","1.1054","1.1050","1.1067","1.1002","0.03%"
"Aug 07, 2017","1.1051","1.1075","1.1086","1.1037","-0.21%"
"Aug 04, 2017","1.1074","1.1069","1.1121","1.1044","0.04%"
"Aug 03, 2017","1.1070","1.1152","1.1207","1.1050","-0.74%"
"Aug 02, 2017","1.1153","1.1187","1.1200","1.1124","-0.31%"
"Aug 01, 2017","1.1188","1.1159","1.1211","1.1153","0.26%"
"Jul 31, 2017","1.1159","1.1180","1.1197","1.1138","-0.17%"
"Jul 28, 2017","1.1178","1.1188","1.1202","1.1145","-0.10%"
"Jul 27, 2017","1.1189","1.1183","1.1249","1.1163","0.06%"
"Jul 26, 2017","1.1182","1.1179","1.1234","1.1165","0.04%"
"Jul 25, 2017","1.1178","1.1188","1.1203","1.1158","-0.13%"
"Jul 24, 2017","1.1192","1.1132","1.1216","1.1132","0.45%"
"Jul 21, 2017","1.1142","1.1156","1.1189","1.1118","-0.12%"
"Jul 20, 2017","1.1155","1.1309","1.1324","1.1139","-1.32%"
"Jul 19, 2017","1.1304","1.1284","1.1327","1.1279","0.17%"
"Jul 18, 2017","1.1285","1.1378","1.1390","1.1238","-0.78%"
"Jul 17, 2017","1.1374","1.1417","1.1438","1.1362","-0.39%"
"Jul 14, 2017","1.1419","1.1348","1.1439","1.1340","0.59%"
"Jul 13, 2017","1.1352","1.1293","1.1367","1.1271","0.54%"
"Jul 12, 2017","1.1291","1.1205","1.1317","1.1175","0.78%"
"Jul 11, 2017","1.1204","1.1303","1.1349","1.1195","-0.85%"
"Jul 10, 2017","1.1300","1.1315","1.1324","1.1286","-0.06%"
"Jul 07, 2017","1.1307","1.1356","1.1369","1.1284","-0.42%"
"Jul 06, 2017","1.1355","1.1396","1.1424","1.1339","-0.34%"
"Jul 05, 2017","1.1394","1.1383","1.1414","1.1350","0.05%"
"Jul 04, 2017","1.1388","1.1386","1.1416","1.1377","0.04%"
"Jul 03, 2017","1.1383","1.1396","1.1422","1.1375","-0.16%"
"Jun 30, 2017","1.1401","1.1372","1.1413","1.1348","0.27%"
"Jun 29, 2017","1.1370","1.1359","1.1395","1.1349","0.08%"
"Jun 28, 2017","1.1361","1.1304","1.1403","1.1255","0.52%"
"Jun 27, 2017","1.1302","1.1376","1.1388","1.1281","-0.66%"
"Jun 26, 2017","1.1377","1.1365","1.1403","1.1354","0.14%"
"Jun 23, 2017","1.1361","1.1370","1.1413","1.1355","-0.10%"
"Jun 22, 2017","1.1372","1.1343","1.1384","1.1325","0.23%"
"Jun 21, 2017","1.1346","1.1346","1.1404","1.1304","0.03%"
"Jun 20, 2017","1.1343","1.1426","1.1446","1.1317","-0.71%"
"Jun 19, 2017","1.1424","1.1415","1.1450","1.1359","0.13%"
"Jun 16, 2017","1.1409","1.1444","1.1469","1.1404","-0.31%"
"Jun 15, 2017","1.1445","1.1368","1.1467","1.1351","0.69%"
"Jun 14, 2017","1.1367","1.1377","1.1408","1.1315","-0.09%"
"Jun 13, 2017","1.1377","1.1298","1.1391","1.1289","0.70%"
"Jun 12, 2017","1.1298","1.1367","1.1393","1.1280","-0.76%"
"Jun 09, 2017","1.1384","1.1557","1.1568","1.1291","-1.45%"
"Jun 08, 2017","1.1551","1.1513","1.1562","1.1493","0.33%"
"Jun 07, 2017","1.1513","1.1448","1.1527","1.1436","0.57%"
"Jun 06, 2017","1.1448","1.1466","1.1509","1.1422","-0.15%"
"Jun 05, 2017","1.1465","1.1396","1.1504","1.1389","0.38%"
"Jun 02, 2017","1.1422","1.1492","1.1505","1.1407","-0.57%"
"Jun 01, 2017","1.1488","1.1462","1.1516","1.1421","0.21%"
"May 31, 2017","1.1464","1.1497","1.1505","1.1430","-0.28%"
"May 30, 2017","1.1496","1.1498","1.1556","1.1482","-0.05%"
"May 29, 2017","1.1502","1.1456","1.1507","1.1446","0.46%"
"May 26, 2017","1.1449","1.1542","1.1550","1.1426","-0.81%"
"May 25, 2017","1.1543","1.1560","1.1573","1.1533","-0.18%"
"May 24, 2017","1.1564","1.1590","1.1626","1.1548","-0.22%"
"May 23, 2017","1.1590","1.1568","1.1606","1.1526","0.19%"
"May 22, 2017","1.1568","1.1614","1.1629","1.1557","-0.54%"
"May 19, 2017","1.1631","1.1654","1.1674","1.1623","-0.15%"
"May 18, 2017","1.1649","1.1619","1.1733","1.1609","0.22%"
"May 17, 2017","1.1623","1.1659","1.1685","1.1608","-0.28%"
"May 16, 2017","1.1656","1.1749","1.1761","1.1630","-0.78%"
"May 15, 2017","1.1748","1.1787","1.1826","1.1740","-0.38%"
"May 12, 2017","1.1793","1.1861","1.1873","1.1779","-0.60%"
"May 11, 2017","1.1864","1.1905","1.1914","1.1832","-0.34%"
"May 10, 2017","1.1905","1.1895","1.1931","1.1880","0.08%"
"May 09, 2017","1.1895","1.1846","1.1907","1.1837","0.42%"
"May 08, 2017","1.1845","1.1800","1.1860","1.1766","0.35%"
"May 05, 2017","1.1804","1.1766","1.1816","1.1750","0.34%"
"May 04, 2017","1.1764","1.1816","1.1827","1.1759","-0.48%"
"May 03, 2017","1.1821","1.1840","1.1857","1.1796","-0.14%"
"May 02, 2017","1.1838","1.1825","1.1874","1.1784","0.13%"
"May 01, 2017","1.1823","1.1869","1.1879","1.1816","-0.52%"
"Apr 28, 2017","1.1885","1.1872","1.1903","1.1820","0.14%"
"Apr 27, 2017","1.1868","1.1783","1.1885","1.1768","0.74%"
"Apr 26, 2017","1.1781","1.1751","1.1825","1.1718","0.24%"
"Apr 25, 2017","1.1753","1.1773","1.1797","1.1719","-0.16%"
"Apr 24, 2017","1.1772","1.1759","1.1833","1.1744","-1.44%"
"Apr 21, 2017","1.1944","1.1954","1.1975","1.1922","-0.11%"
"Apr 20, 2017","1.1957","1.1926","1.1965","1.1882","0.22%"
"Apr 19, 2017","1.1931","1.1963","1.1996","1.1918","-0.28%"
"Apr 18, 2017","1.1964","1.1805","1.2029","1.1747","1.35%"
"Apr 17, 2017","1.1805","1.1817","1.1825","1.1778","0.02%"
"Apr 14, 2017","1.1803","1.1781","1.1812","1.1769","0.20%"
"Apr 13, 2017","1.1780","1.1756","1.1802","1.1745","0.20%"
"Apr 12, 2017","1.1757","1.1782","1.1800","1.1746","-0.20%"
"Apr 11, 2017","1.1781","1.1713","1.1783","1.1695","0.55%"
"Apr 10, 2017","1.1716","1.1683","1.1736","1.1672","0.27%"
"Apr 07, 2017","1.1684","1.1713","1.1724","1.1655","-0.26%"
"Apr 06, 2017","1.1715","1.1709","1.1756","1.1674","0.08%"
"Apr 05, 2017","1.1706","1.1654","1.1723","1.1637","0.43%"
"Apr 04, 2017","1.1656","1.1703","1.1717","1.1643","-0.41%"
"Apr 03, 2017","1.1704","1.1758","1.1772","1.1683","-0.69%"
"Mar 31, 2017","1.1785","1.1679","1.1786","1.1632","0.88%"
"Mar 30, 2017","1.1682","1.1547","1.1689","1.1543","1.16%"
"Mar 29, 2017","1.1548","1.1512","1.1597","1.1446","0.30%"
"Mar 28, 2017","1.1514","1.1559","1.1606","1.1507","-0.40%"
"Mar 27, 2017","1.1560","1.1562","1.1597","1.1503","0.10%"
"Mar 24, 2017","1.1548","1.1612","1.1617","1.1544","-0.54%"
"Mar 23, 2017","1.1611","1.1565","1.1625","1.1551","0.42%"
"Mar 22, 2017","1.1562","1.1541","1.1571","1.1490","0.17%"
"Mar 21, 2017","1.1542","1.1510","1.1567","1.1460","0.30%"
"Mar 20, 2017","1.1508","1.1548","1.1551","1.1482","-0.29%"
"Mar 17, 2017","1.1542","1.1480","1.1550","1.1444","0.53%"
"Mar 16, 2017","1.1481","1.1451","1.1539","1.1416","0.26%"
"Mar 15, 2017","1.1451","1.1462","1.1539","1.1443","-0.10%"
"Mar 14, 2017","1.1462","1.1471","1.1480","1.1381","-0.06%"
"Mar 13, 2017","1.1469","1.1400","1.1482","1.1373","0.56%"
"Mar 10, 2017","1.1405","1.1505","1.1508","1.1383","-0.84%"
"Mar 09, 2017","1.1502","1.1541","1.1555","1.1466","-0.37%"
"Mar 08, 2017","1.1545","1.1548","1.1562","1.1500","-0.01%"
"Mar 07, 2017","1.1546","1.1565","1.1578","1.1516","-0.16%"
"Mar 06, 2017","1.1564","1.1583","1.1599","1.1534","-0.09%"
"Mar 03, 2017","1.1574","1.1681","1.1690","1.1574","-0.87%"
"Mar 02, 2017","1.1675","1.1656","1.1700","1.1638","0.15%"
"Mar 01, 2017","1.1657","1.1705","1.1753","1.1641","-0.41%"
"Feb 28, 2017","1.1705","1.1751","1.1759","1.1693","-0.40%"
"Feb 27, 2017","1.1752","1.1803","1.1820","1.1710","-0.43%"
"Feb 24, 2017","1.1803","1.1866","1.1879","1.1778","-0.52%"
"Feb 23, 2017","1.1865","1.1792","1.1878","1.1768","0.59%"
"Feb 22, 2017","1.1795","1.1837","1.1903","1.1773","-0.35%"
"Feb 21, 2017","1.1836","1.1736","1.1846","1.1732","0.81%"
"Feb 20, 2017","1.1741","1.1691","1.1754","1.1682","0.38%"
"Feb 17, 2017","1.1697","1.1702","1.1742","1.1639","-0.03%"
"Feb 16, 2017","1.1700","1.1752","1.1786","1.1690","-0.45%"
"Feb 15, 2017","1.1753","1.1787","1.1817","1.1736","-0.31%"
"Feb 14, 2017","1.1789","1.1817","1.1828","1.1720","-0.25%"
"Feb 13, 2017","1.1818","1.1756","1.1828","1.1724","0.67%"
"Feb 10, 2017","1.1739","1.1735","1.1766","1.1694","0.06%"
"Feb 09, 2017","1.1732","1.1719","1.1776","1.1696","0.09%"
"Feb 08, 2017","1.1721","1.1714","1.1756","1.1691","0.10%"
"Feb 07, 2017","1.1709","1.1602","1.1723","1.1570","0.94%"
"Feb 06, 2017","1.1600","1.1583","1.1641","1.1558","0.17%"
"Feb 03, 2017","1.1580","1.1644","1.1667","1.1569","-0.56%"
"Feb 02, 2017","1.1645","1.1759","1.1771","1.1594","-0.92%"
"Feb 01, 2017","1.1753","1.1653","1.1781","1.1634","0.89%"
"Jan 31, 2017","1.1649","1.1668","1.1703","1.1579","-0.23%"
"Jan 30, 2017","1.1676","1.1742","1.1784","1.1658","-0.50%"
"Jan 27, 2017","1.1735","1.1793","1.1814","1.1715","-0.45%"
"Jan 26, 2017","1.1788","1.1759","1.1817","1.1723","0.27%"
"Jan 25, 2017","1.1756","1.1675","1.1777","1.1659","0.76%"
"Jan 24, 2017","1.1667","1.1640","1.1676","1.1555","0.20%"
"Jan 23, 2017","1.1644","1.1555","1.1656","1.1542","0.71%"
"Jan 20, 2017","1.1562","1.1574","1.1591","1.1531","-0.10%"
"Jan 19, 2017","1.1574","1.1531","1.1617","1.1519","0.37%"
"Jan 18, 2017","1.1531","1.1588","1.1594","1.1483","-0.48%"
"Jan 17, 2017","1.1587","1.1362","1.1594","1.1335","1.97%"
"Jan 16, 2017","1.1363","1.1334","1.1421","1.1291","-0.69%"
"Jan 13, 2017","1.1442","1.1462","1.1506","1.1404","-0.14%"
"Jan 12, 2017","1.1458","1.1542","1.1559","1.1429","-0.71%"
"Jan 11, 2017","1.1540","1.1537","1.1567","1.1483","0.03%"
"Jan 10, 2017","1.1537","1.1503","1.1545","1.1410","0.30%"
"Jan 09, 2017","1.1502","1.1637","1.1654","1.1494","-1.40%"
"Jan 06, 2017","1.1665","1.1712","1.1728","1.1646","-0.37%"
"Jan 05, 2017","1.1708","1.1750","1.1764","1.1655","-0.34%"
"Jan 04, 2017","1.1748","1.1759","1.1798","1.1715","-0.12%"
"Jan 03, 2017","1.1762","1.1735","1.1837","1.1720","0.21%"
"Jan 02, 2017","1.1737","1.1739","1.1775","1.1700","0.03%"
"Dec 30, 2016","1.1733","1.1690","1.1750","1.1537","0.39%"
"Dec 29, 2016","1.1688","1.1744","1.1760","1.1652","-0.45%"
"Dec 28, 2016","1.1741","1.1736","1.1783","1.1710","0.05%"
"Dec 27, 2016","1.1735","1.1745","1.1768","1.1706","-0.14%"
"Dec 26, 2016","1.1752","1.1738","1.1788","1.1725","-0.03%"
"Dec 23, 2016","1.1756","1.1770","1.1783","1.1709","-0.11%"
"Dec 22, 2016","1.1769","1.1847","1.1862","1.1747","-0.69%"
"Dec 21, 2016","1.1851","1.1903","1.1912","1.1825","-0.44%"
"Dec 20, 2016","1.1903","1.1920","1.1945","1.1866","-0.15%"
"Dec 19, 2016","1.1921","1.1958","1.1973","1.1830","-0.31%"
"Dec 16, 2016","1.1958","1.1935","1.1981","1.1875","0.28%"
"Dec 15, 2016","1.1925","1.1928","1.2007","1.1897","0.00%"
"Dec 14, 2016","1.1925","1.1912","1.1976","1.1871","0.12%"
"Dec 13, 2016","1.1911","1.1923","1.1990","1.1889","-0.08%"
"Dec 12, 2016","1.1920","1.1909","1.1960","1.1858","0.11%"
"Dec 09, 2016","1.1907","1.1860","1.1949","1.1823","0.42%"
"Dec 08, 2016","1.1857","1.1741","1.1871","1.1663","0.99%"
"Dec 07, 2016","1.1741","1.1830","1.1838","1.1693","-0.74%"
"Dec 06, 2016","1.1828","1.1832","1.1902","1.1811","-0.01%"
"Dec 05, 2016","1.1829","1.1919","1.2045","1.1789","-0.81%"
"Dec 02, 2016","1.1926","1.1816","1.1949","1.1790","0.99%"
"Dec 01, 2016","1.1809","1.1811","1.1951","1.1781","-0.02%"
"Nov 30, 2016","1.1811","1.1727","1.1831","1.1656","0.70%"
"Nov 29, 2016","1.1729","1.1695","1.1814","1.1678","0.27%"
"Nov 28, 2016","1.1697","1.1762","1.1773","1.1673","-0.74%"
"Nov 25, 2016","1.1784","1.1798","1.1811","1.1700","-0.14%"
"Nov 24, 2016","1.1801","1.1793","1.1829","1.1759","0.14%"
"Nov 23, 2016","1.1784","1.1689","1.1816","1.1634","0.80%"
"Nov 22, 2016","1.1691","1.1747","1.1771","1.1661","-0.54%"
"Nov 21, 2016","1.1754","1.1680","1.1784","1.1574","0.81%"
"Nov 18, 2016","1.1660","1.1686","1.1734","1.1580","-0.21%"
"Nov 17, 2016","1.1685","1.1638","1.1704","1.1591","0.40%"
"Nov 16, 2016","1.1639","1.1615","1.1667","1.1587","0.18%"
"Nov 15, 2016","1.1618","1.1630","1.1674","1.1485","-0.14%"
"Nov 14, 2016","1.1634","1.1610","1.1658","1.1580","0.22%"
"Nov 11, 2016","1.1608","1.1531","1.1680","1.1508","0.71%"
"Nov 10, 2016","1.1526","1.1373","1.1549","1.1329","1.35%"
"Nov 09, 2016","1.1372","1.1225","1.1413","1.1075","1.31%"
"Nov 08, 2016","1.1225","1.1235","1.1262","1.1198","-0.04%"
"Nov 07, 2016","1.1229","1.1237","1.1291","1.1187","-0.07%"
"Nov 04, 2016","1.1237","1.1223","1.1295","1.1210","0.15%"
"Nov 03, 2016","1.1220","1.1082","1.1291","1.1076","1.20%"
"Nov 02, 2016","1.1087","1.1074","1.1142","1.1054","0.12%"
"Nov 01, 2016","1.1074","1.1144","1.1179","1.1056","-0.68%"
"Oct 31, 2016","1.1150","1.1091","1.1171","1.1050","0.53%"
"Oct 28, 2016","1.1091","1.1163","1.1187","1.1091","-0.63%"
"Oct 27, 2016","1.1161","1.1228","1.1245","1.1136","-0.57%"
"Oct 26, 2016","1.1225","1.1194","1.1233","1.1153","0.28%"
"Oct 25, 2016","1.1194","1.1243","1.1254","1.1133","-0.47%"
"Oct 24, 2016","1.1247","1.1232","1.1261","1.1204","0.04%"
"Oct 21, 2016","1.1242","1.1213","1.1265","1.1186","0.29%"
"Oct 20, 2016","1.1209","1.1194","1.1225","1.1076","0.11%"
"Oct 19, 2016","1.1197","1.1195","1.1238","1.1163","-0.02%"
"Oct 18, 2016","1.1199","1.1074","1.1222","1.1066","1.10%"
"Oct 17, 2016","1.1077","1.1104","1.1112","1.1039","-0.28%"
"Oct 14, 2016","1.1108","1.1083","1.1144","1.1052","0.22%"
"Oct 13, 2016","1.1084","1.1094","1.1117","1.1030","-0.05%"
"Oct 12, 2016","1.1089","1.0964","1.1157","1.0949","1.11%"
"Oct 11, 2016","1.0967","1.1103","1.1121","1.0940","-1.19%"
"Oct 10, 2016","1.1099","1.1098","1.1139","1.1062","-0.02%"
"Oct 07, 2016","1.1101","1.1316","1.1328","1.0606","-1.87%"
"Oct 06, 2016","1.1313","1.1370","1.1384","1.1295","-0.56%"
"Oct 05, 2016","1.1377","1.1359","1.1398","1.1307","0.16%"
"Oct 04, 2016","1.1359","1.1456","1.1486","1.1347","-0.85%"
"Oct 03, 2016","1.1456","1.1517","1.1529","1.1433","-0.75%"
"Sep 30, 2016","1.1543","1.1557","1.1626","1.1527","-0.11%"
"Sep 29, 2016","1.1556","1.1607","1.1640","1.1535","-0.44%"
"Sep 28, 2016","1.1607","1.1611","1.1645","1.1574","-0.03%"
"Sep 27, 2016","1.1611","1.1533","1.1617","1.1501","0.71%"
"Sep 26, 2016","1.1529","1.1535","1.1565","1.1468","-0.24%"
"Sep 23, 2016","1.1557","1.1669","1.1688","1.1521","-0.96%"
"Sep 22, 2016","1.1669","1.1635","1.1680","1.1610","0.22%"
"Sep 21, 2016","1.1643","1.1645","1.1678","1.1617","-0.01%"
"Sep 20, 2016","1.1644","1.1661","1.1681","1.1584","-0.14%"
"Sep 19, 2016","1.1660","1.1641","1.1719","1.1639","0.07%"
"Sep 16, 2016","1.1652","1.1778","1.1792","1.1647","-1.04%"
"Sep 15, 2016","1.1774","1.1761","1.1808","1.1699","0.09%"
"Sep 14, 2016","1.1764","1.1759","1.1789","1.1701","0.03%"
"Sep 13, 2016","1.1760","1.1871","1.1881","1.1717","-0.94%"
"Sep 12, 2016","1.1872","1.1813","1.1881","1.1787","0.52%"
"Sep 09, 2016","1.1811","1.1809","1.1856","1.1790","0.03%"
"Sep 08, 2016","1.1807","1.1865","1.1878","1.1764","-0.51%"
"Sep 07, 2016","1.1867","1.1937","1.1947","1.1849","-0.61%"
"Sep 06, 2016","1.1940","1.1927","1.2006","1.1921","0.03%"
"Sep 05, 2016","1.1936","1.1921","1.1978","1.1891","0.18%"
"Sep 02, 2016","1.1915","1.1846","1.1946","1.1833","0.55%"
"Sep 01, 2016","1.1850","1.1772","1.1930","1.1759","0.65%"
"Aug 31, 2016","1.1774","1.1738","1.1805","1.1723","0.29%"
"Aug 30, 2016","1.1740","1.1714","1.1773","1.1688","0.25%"
"Aug 29, 2016","1.1711","1.1742","1.1745","1.1690","-0.17%"
"Aug 26, 2016","1.1731","1.1687","1.1750","1.1671","0.34%"
"Aug 25, 2016","1.1691","1.1744","1.1769","1.1667","-0.49%"
"Aug 24, 2016","1.1749","1.1669","1.1787","1.1652","0.63%"
"Aug 23, 2016","1.1675","1.1599","1.1681","1.1583","0.58%"
"Aug 22, 2016","1.1608","1.1544","1.1620","1.1516","0.55%"
"Aug 19, 2016","1.1544","1.1594","1.1616","1.1500","-0.46%"
"Aug 18, 2016","1.1597","1.1550","1.1641","1.1526","0.38%"
"Aug 17, 2016","1.1553","1.1564","1.1593","1.1525","-0.11%"
"Aug 16, 2016","1.1566","1.1513","1.1576","1.1457","0.43%"
"Aug 15, 2016","1.1517","1.1568","1.1599","1.1485","-0.54%"
"Aug 12, 2016","1.1579","1.1630","1.1660","1.1551","-0.46%"
"Aug 11, 2016","1.1632","1.1636","1.1662","1.1590","-0.09%"
"Aug 10, 2016","1.1642","1.1692","1.1744","1.1625","-0.44%"
"Aug 09, 2016","1.1694","1.1757","1.1778","1.1669","-0.52%"
"Aug 08, 2016","1.1755","1.1802","1.1813","1.1747","-0.32%"
"Aug 05, 2016","1.1793","1.1772","1.1850","1.1753","0.13%"
"Aug 04, 2016","1.1778","1.1948","1.1987","1.1764","-1.47%"
"Aug 03, 2016","1.1954","1.1896","1.1957","1.1853","0.48%"
"Aug 02, 2016","1.1897","1.1800","1.1905","1.1770","0.78%"
"Aug 01, 2016","1.1805","1.1837","1.1885","1.1776","-0.26%"
"Jul 29, 2016","1.1836","1.1884","1.1918","1.1789","-0.42%"
"Jul 28, 2016","1.1886","1.1953","1.1966","1.1827","-0.58%"
"Jul 27, 2016","1.1955","1.1949","1.1982","1.1882","0.03%"
"Jul 26, 2016","1.1951","1.1943","1.1978","1.1861","-0.02%"
"Jul 25, 2016","1.1953","1.1954","1.1997","1.1923","0.07%"
"Jul 22, 2016","1.1945","1.1999","1.2050","1.1872","-0.49%"
"Jul 21, 2016","1.2004","1.1991","1.2046","1.1921","0.09%"
"Jul 20, 2016","1.1993","1.1892","1.2006","1.1865","0.82%"
"Jul 19, 2016","1.1895","1.1965","1.1990","1.1860","-0.63%"
"Jul 18, 2016","1.1970","1.1944","1.2020","1.1890","0.13%"
"Jul 15, 2016","1.1955","1.1995","1.2106","1.1875","-0.37%"
"Jul 14, 2016","1.1999","1.1847","1.2123","1.1800","1.21%"
"Jul 13, 2016","1.1855","1.1970","1.2050","1.1827","-0.99%"
"Jul 12, 2016","1.1974","1.1744","1.1997","1.1724","1.90%"
"Jul 11, 2016","1.1751","1.1715","1.1787","1.1652","0.26%"
"Jul 08, 2016","1.1721","1.1666","1.1764","1.1639","0.45%"
"Jul 07, 2016","1.1669","1.1648","1.1783","1.1602","0.16%"
"Jul 06, 2016","1.1650","1.1752","1.1772","1.1586","-0.92%"
"Jul 05, 2016","1.1758","1.1910","1.1923","1.1695","-1.32%"
"Jul 04, 2016","1.1915","1.1908","1.1975","1.1882","0.05%"
"Jul 01, 2016","1.1909","1.1983","1.2024","1.1889","-0.64%"
"Jun 30, 2016","1.1986","1.2068","1.2137","1.1923","-0.68%"
"Jun 29, 2016","1.2068","1.2053","1.2189","1.2005","0.10%"
"Jun 28, 2016","1.2056","1.1988","1.2113","1.1972","0.48%"
"Jun 27, 2016","1.1999","1.2238","1.2271","1.1927","-2.49%"
"Jun 24, 2016","1.2305","1.3060","1.3162","1.2015","-5.82%"
"Jun 23, 2016","1.3065","1.3012","1.3122","1.2966","0.35%"
"Jun 22, 2016","1.3019","1.3026","1.3065","1.2950","-0.08%"
"Jun 21, 2016","1.3030","1.2983","1.3064","1.2906","0.29%"
"Jun 20, 2016","1.2992","1.2704","1.3007","1.2698","2.04%"
"Jun 17, 2016","1.2732","1.2648","1.2753","1.2638","0.64%"
"Jun 16, 2016","1.2651","1.2611","1.2680","1.2503","0.28%"
"Jun 15, 2016","1.2616","1.2589","1.2673","1.2539","0.17%"
"Jun 14, 2016","1.2595","1.2638","1.2645","1.2537","-0.35%"
"Jun 13, 2016","1.2639","1.2638","1.2686","1.2516","-0.27%"
"Jun 10, 2016","1.2673","1.2774","1.2808","1.2602","-0.82%"
"Jun 09, 2016","1.2778","1.2723","1.2813","1.2686","0.39%"
"Jun 08, 2016","1.2728","1.2799","1.2829","1.2715","-0.60%"
"Jun 07, 2016","1.2805","1.2714","1.2891","1.2706","0.68%"
"Jun 06, 2016","1.2718","1.2768","1.2805","1.2643","-0.44%"
"Jun 03, 2016","1.2774","1.2931","1.2970","1.2751","-1.24%"
"Jun 02, 2016","1.2934","1.2882","1.2956","1.2855","0.39%"
"Jun 01, 2016","1.2884","1.3003","1.3040","1.2866","-0.93%"
"May 31, 2016","1.3005","1.3138","1.3207","1.2985","-0.97%"
"May 30, 2016","1.3133","1.3135","1.3179","1.3097","-0.19%"
"May 27, 2016","1.3158","1.3101","1.3165","1.3076","0.40%"
"May 26, 2016","1.3106","1.3170","1.3199","1.3089","-0.52%"
"May 25, 2016","1.3174","1.3129","1.3221","1.3085","0.28%"
"May 24, 2016","1.3137","1.2904","1.3146","1.2893","1.75%"
"May 23, 2016","1.2911","1.2927","1.2984","1.2891","-0.06%"
"May 20, 2016","1.2919","1.3040","1.3053","1.2907","-0.95%"
"May 19, 2016","1.3043","1.3009","1.3077","1.2975","0.22%"
"May 18, 2016","1.3015","1.2779","1.3022","1.2760","1.81%"
"May 17, 2016","1.2784","1.2713","1.2824","1.2710","0.48%"
"May 16, 2016","1.2723","1.2682","1.2732","1.2663","0.17%"
"May 13, 2016","1.2702","1.2694","1.2728","1.2677","0.01%"
"May 12, 2016","1.2701","1.2641","1.2751","1.2624","0.43%"
"May 11, 2016","1.2647","1.2693","1.2721","1.2621","-0.43%"
"May 10, 2016","1.2702","1.2653","1.2710","1.2645","0.36%"
"May 09, 2016","1.2656","1.2651","1.2712","1.2609","0.03%"
"May 06, 2016","1.2652","1.2689","1.2719","1.2624","-0.39%"
"May 05, 2016","1.2701","1.2611","1.2724","1.2607","0.67%"
"May 04, 2016","1.2616","1.2638","1.2670","1.2578","-0.20%"
"May 03, 2016","1.2641","1.2716","1.2752","1.2618","-0.63%"
"May 02, 2016","1.2721","1.2757","1.2787","1.2708","-0.27%"
"Apr 29, 2016","1.2756","1.2864","1.2889","1.2742","-0.88%"
"Apr 28, 2016","1.2869","1.2837","1.2898","1.2807","0.18%"
"Apr 27, 2016","1.2846","1.2900","1.2929","1.2821","-0.46%"
"Apr 26, 2016","1.2906","1.2849","1.2930","1.2834","0.42%"
"Apr 25, 2016","1.2852","1.2832","1.2900","1.2796","0.24%"
"Apr 22, 2016","1.2821","1.2686","1.2855","1.2673","1.04%"
"Apr 21, 2016","1.2689","1.2683","1.2735","1.2656","0.01%"
"Apr 20, 2016","1.2688","1.2670","1.2721","1.2628","0.13%"
"Apr 19, 2016","1.2672","1.2613","1.2691","1.2604","0.44%"
"Apr 18, 2016","1.2616","1.2590","1.2637","1.2504","0.28%"
"Apr 15, 2016","1.2581","1.2559","1.2601","1.2532","0.16%"
"Apr 14, 2016","1.2561","1.2595","1.2609","1.2523","-0.29%"
"Apr 13, 2016","1.2598","1.2533","1.2619","1.2516","0.49%"
"Apr 12, 2016","1.2537","1.2476","1.2564","1.2449","0.44%"
"Apr 11, 2016","1.2482","1.2386","1.2511","1.2354","0.74%"
"Apr 08, 2016","1.2390","1.2350","1.2431","1.2338","0.28%"
"Apr 07, 2016","1.2355","1.2382","1.2432","1.2314","-0.27%"
"Apr 06, 2016","1.2388","1.2435","1.2465","1.2332","-0.41%"
"Apr 05, 2016","1.2439","1.2517","1.2536","1.2410","-0.65%"
"Apr 04, 2016","1.2520","1.2477","1.2567","1.2465","0.22%"
"Apr 01, 2016","1.2492","1.2616","1.2640","1.2461","-1.01%"
"Mar 31, 2016","1.2620","1.2676","1.2699","1.2580","-0.50%"
"Mar 30, 2016","1.2683","1.2735","1.2768","1.2667","-0.45%"
"Mar 29, 2016","1.2740","1.2727","1.2775","1.2698","0.07%"
"Mar 28, 2016","1.2731","1.2652","1.2747","1.2637","0.51%"
"Mar 25, 2016","1.2666","1.2662","1.2684","1.2632","0.00%"
"Mar 24, 2016","1.2666","1.2621","1.2687","1.2579","0.35%"
"Mar 23, 2016","1.2622","1.2661","1.2689","1.2600","-0.35%"
"Mar 22, 2016","1.2666","1.2778","1.2801","1.2643","-0.91%"
"Mar 21, 2016","1.2782","1.2841","1.2849","1.2753","-0.52%"
"Mar 18, 2016","1.2849","1.2790","1.2867","1.2767","0.45%"
"Mar 17, 2016","1.2792","1.2700","1.2810","1.2634","0.69%"
"Mar 16, 2016","1.2704","1.2736","1.2756","1.2676","-0.28%"
"Mar 15, 2016","1.2740","1.2874","1.2891","1.2717","-1.06%"
"Mar 14, 2016","1.2877","1.2894","1.2929","1.2862","-0.10%"
"Mar 11, 2016","1.2890","1.2768","1.2928","1.2736","0.91%"
"Mar 10, 2016","1.2774","1.2916","1.3071","1.2735","-1.15%"
"Mar 09, 2016","1.2922","1.2907","1.2989","1.2886","0.10%"
"Mar 08, 2016","1.2909","1.2948","1.2961","1.2827","-0.34%"
"Mar 07, 2016","1.2953","1.2927","1.2969","1.2899","0.18%"
"Mar 04, 2016","1.2930","1.2932","1.2955","1.2861","-0.05%"
"Mar 03, 2016","1.2937","1.2949","1.2986","1.2899","-0.13%"
"Mar 02, 2016","1.2954","1.2830","1.3006","1.2794","0.93%"
"Mar 01, 2016","1.2835","1.2797","1.2894","1.2775","0.28%"
"Feb 29, 2016","1.2799","1.2683","1.2837","1.2657","0.90%"
"Feb 26, 2016","1.2685","1.2661","1.2754","1.2617","0.15%"
"Feb 25, 2016","1.2666","1.2640","1.2693","1.2606","0.16%"
"Feb 24, 2016","1.2646","1.2721","1.2738","1.2611","-0.62%"
"Feb 23, 2016","1.2725","1.2825","1.2862","1.2709","-0.82%"
"Feb 22, 2016","1.2830","1.2939","1.2943","1.2746","-0.83%"
"Feb 19, 2016","1.2938","1.2897","1.2948","1.2826","0.23%"
"Feb 18, 2016","1.2908","1.2843","1.2981","1.2787","0.47%"
"Feb 17, 2016","1.2847","1.2831","1.2887","1.2742","0.08%"
"Feb 16, 2016","1.2837","1.2938","1.2999","1.2794","-0.80%"
"Feb 15, 2016","1.2940","1.2880","1.2993","1.2875","0.44%"
"Feb 12, 2016","1.2883","1.2774","1.2918","1.2770","0.77%"
"Feb 11, 2016","1.2784","1.2860","1.2895","1.2655","-0.61%"
"Feb 10, 2016","1.2863","1.2811","1.2969","1.2784","0.37%"
"Feb 09, 2016","1.2815","1.2882","1.2936","1.2732","-0.57%"
"Feb 08, 2016","1.2889","1.2992","1.3054","1.2867","-0.82%"
"Feb 05, 2016","1.2996","1.3012","1.3041","1.2952","-0.15%"
"Feb 04, 2016","1.3016","1.3146","1.3175","1.2980","-1.03%"
"Feb 03, 2016","1.3152","1.3191","1.3292","1.3125","-0.34%"
"Feb 02, 2016","1.3197","1.3250","1.3263","1.3125","-0.45%"
"Feb 01, 2016","1.3256","1.3142","1.3266","1.3112","0.82%"
"Jan 29, 2016","1.3148","1.3121","1.3228","1.3067","0.14%"
"Jan 28, 2016","1.3129","1.3061","1.3174","1.3045","0.48%"
"Jan 27, 2016","1.3066","1.3198","1.3222","1.3037","-1.02%"
"Jan 26, 2016","1.3201","1.3130","1.3249","1.3043","0.51%"
"Jan 25, 2016","1.3134","1.3210","1.3243","1.3118","-0.59%"
"Jan 22, 2016","1.3212","1.3073","1.3292","1.3064","1.03%"
"Jan 21, 2016","1.3077","1.3027","1.3131","1.2910","0.36%"
"Jan 20, 2016","1.3030","1.2972","1.3039","1.2889","0.42%"
"Jan 19, 2016","1.2975","1.3071","1.3189","1.2959","-0.77%"
"Jan 18, 2016","1.3076","1.3056","1.3169","1.3024","0.12%"
"Jan 15, 2016","1.3060","1.3262","1.3295","1.2991","-1.55%"
"Jan 14, 2016","1.3266","1.3237","1.3295","1.3141","0.16%"
"Jan 13, 2016","1.3245","1.3300","1.3394","1.3235","-0.46%"
"Jan 12, 2016","1.3306","1.3386","1.3418","1.3243","-0.63%"
"Jan 11, 2016","1.3390","1.3280","1.3436","1.3225","0.81%"
"Jan 08, 2016","1.3283","1.3365","1.3478","1.3267","-0.63%"
"Jan 07, 2016","1.3367","1.3563","1.3588","1.3354","-1.47%"
"Jan 06, 2016","1.3567","1.3647","1.3664","1.3543","-0.64%"
"Jan 05, 2016","1.3654","1.3583","1.3680","1.3572","0.49%"
"Jan 04, 2016","1.3588","1.3574","1.3617","1.3476","0.06%"
"Jan 01, 2016","1.3580","1.3570","1.3638","1.3561","0.07%"